{
    "annotations": {
      "list": [
        {
          "builtIn": 1,
          "datasource": {
            "type": "datasource",
            "uid": "grafana"
          },
          "enable": true,
          "hide": true,
          "iconColor": "rgba(0, 211, 255, 1)",
          "name": "Annotations & Alerts",
          "type": "dashboard"
        }
      ]
    },
    "description": "Find cardinality sources",
    "editable": true,
    "fiscalYearStartMonth": 0,
    "gnetId": 11304,
    "graphTooltip": 0,
    "id": 65,
    "links": [],
    "liveNow": false,
    "panels": [
      {
        "collapsed": false,
        "datasource": {
          "type": "prometheus",
          "uid": "prometheus"
        },
        "gridPos": {
          "h": 1,
          "w": 24,
          "x": 0,
          "y": 0
        },
        "id": 13,
        "panels": [],
        "targets": [
          {
            "datasource": {
              "type": "prometheus",
              "uid": "prometheus"
            },
            "refId": "A"
          }
        ],
        "title": "how to",
        "type": "row"
      },
      {
        "datasource": {
          "type": "prometheus",
          "uid": "prometheus"
        },
        "gridPos": {
          "h": 14,
          "w": 24,
          "x": 0,
          "y": 1
        },
        "id": 7,
        "links": [],
        "options": {
          "code": {
            "language": "plaintext",
            "showLineNumbers": false,
            "showMiniMap": false
          },
          "content": "# Cardinality Explorer\n[Cardinality](https://www.robustperception.io/cardinality-is-key) is the count at a certain time of the total unique combinations of keys and labels.  Too much (red) is bad, and will make your queries slow and your prometheus run out of memory.  This dashboard will help you analyze individual metrics to determine the cause(s) of cardinality.\n## WARNING\n * This dashboard can be *very* slow and heavy\n * Use with caution\n\n## Instructions\n 1. Choose the datasource which contains your data from the `datasource` dropdown\n 2. Choose a job from the `job` dropdown, which is now populated with the prometheus jobs in your account\n 3. Choose a metric name from the `metric` dropdown, now populated with with the metrics available to the specified job in your account\n 4. Choose the `labels` which you would like to run calculations on\n\n## Understanding the Data\n * The `(metricname) cardinality` row gives you basic information about your metric\n    * The `metric` panel shows the metric name you've chosen\n    * The `cardinality` panel shows the metric's cardinality\n * The `count by label` row shows the number of unique values for every label\n * The `cardinality calculation` row shows information based on the labels you selected in the `labels` dropdown\n    * The `count without()` panel shows what the cardinality of the metric would be if the specified labels were to be removed\n    * The `count by()` panel shows what the cardinality of the specified labels as a group is",
          "mode": "markdown"
        },
        "pluginVersion": "10.0.3",
        "targets": [
          {
            "datasource": {
              "type": "prometheus",
              "uid": "prometheus"
            },
            "refId": "A"
          }
        ],
        "title": "How To",
        "type": "text"
      },
      {
        "collapsed": false,
        "datasource": {
          "type": "prometheus",
          "uid": "prometheus"
        },
        "gridPos": {
          "h": 1,
          "w": 24,
          "x": 0,
          "y": 15
        },
        "id": 43,
        "panels": [],
        "targets": [
          {
            "datasource": {
              "type": "prometheus",
              "uid": "prometheus"
            },
            "refId": "A"
          }
        ],
        "title": "$metric cardinality",
        "type": "row"
      },
      {
        "datasource": {
          "type": "prometheus",
          "uid": "prometheus"
        },
        "gridPos": {
          "h": 3,
          "w": 16,
          "x": 0,
          "y": 16
        },
        "id": 5,
        "links": [],
        "options": {
          "code": {
            "language": "plaintext",
            "showLineNumbers": false,
            "showMiniMap": false
          },
          "content": "<center><h1 style=\"color:#2980B9;\">$metric</h1></center>",
          "mode": "html"
        },
        "pluginVersion": "10.0.3",
        "targets": [
          {
            "datasource": {
              "type": "prometheus",
              "uid": "prometheus"
            },
            "refId": "A"
          }
        ],
        "title": "metric",
        "type": "text"
      },
      {
        "datasource": {
          "type": "prometheus",
          "uid": "prometheus"
        },
        "fieldConfig": {
          "defaults": {
            "color": {
              "mode": "thresholds"
            },
            "mappings": [
              {
                "options": {
                  "match": "null",
                  "result": {
                    "text": "N/A"
                  }
                },
                "type": "special"
              }
            ],
            "thresholds": {
              "mode": "absolute",
              "steps": [
                {
                  "color": "#299c46",
                  "value": null
                },
                {
                  "color": "rgba(237, 129, 40, 0.89)",
                  "value": 200
                },
                {
                  "color": "#d44a3a",
                  "value": 1000
                }
              ]
            },
            "unit": "none"
          },
          "overrides": []
        },
        "gridPos": {
          "h": 3,
          "w": 8,
          "x": 16,
          "y": 16
        },
        "id": 38,
        "links": [],
        "maxDataPoints": 100,
        "options": {
          "colorMode": "value",
          "graphMode": "none",
          "justifyMode": "auto",
          "orientation": "horizontal",
          "reduceOptions": {
            "calcs": [
              "lastNotNull"
            ],
            "fields": "",
            "values": false
          },
          "textMode": "auto"
        },
        "pluginVersion": "10.0.3",
        "targets": [
          {
            "datasource": {
              "type": "prometheus",
              "uid": "prometheus"
            },
            "expr": "count( $metric{job=\"$job\"}) ",
            "format": "time_series",
            "instant": true,
            "intervalFactor": 1,
            "refId": "A"
          }
        ],
        "title": "cardinality",
        "type": "stat"
      },
      {
        "collapsed": false,
        "datasource": {
          "type": "prometheus",
          "uid": "prometheus"
        },
        "gridPos": {
          "h": 1,
          "w": 24,
          "x": 0,
          "y": 19
        },
        "id": 11,
        "panels": [],
        "targets": [
          {
            "datasource": {
              "type": "prometheus",
              "uid": "prometheus"
            },
            "refId": "A"
          }
        ],
        "title": "count by label",
        "type": "row"
      },
      {
        "datasource": {
          "uid": "$datasource"
        },
        "fieldConfig": {
          "defaults": {
            "color": {
              "mode": "thresholds"
            },
            "mappings": [
              {
                "options": {
                  "match": "null",
                  "result": {
                    "text": "N/A"
                  }
                },
                "type": "special"
              }
            ],
            "thresholds": {
              "mode": "absolute",
              "steps": [
                {
                  "color": "#299c46",
                  "value": null
                },
                {
                  "color": "rgba(237, 129, 40, 0.89)",
                  "value": 20
                },
                {
                  "color": "#d44a3a",
                  "value": 100
                }
              ]
            },
            "unit": "none"
          },
          "overrides": []
        },
        "gridPos": {
          "h": 4,
          "w": 6,
          "x": 0,
          "y": 20
        },
        "id": 22,
        "links": [],
        "maxDataPoints": 100,
        "options": {
          "colorMode": "value",
          "graphMode": "none",
          "justifyMode": "auto",
          "orientation": "horizontal",
          "reduceOptions": {
            "calcs": [
              "lastNotNull"
            ],
            "fields": "",
            "values": false
          },
          "textMode": "auto"
        },
        "pluginVersion": "10.0.3",
        "repeat": "label_names",
        "repeatDirection": "h",
        "targets": [
          {
            "datasource": {
              "uid": "$datasource"
            },
            "expr": "count(count by (${label_names})( $metric{job=\"$job\"}) )",
            "format": "time_series",
            "instant": true,
            "intervalFactor": 1,
            "refId": "A"
          }
        ],
        "title": "${label_names}",
        "type": "stat"
      },
      {
        "collapsed": false,
        "datasource": {
          "type": "prometheus",
          "uid": "prometheus"
        },
        "gridPos": {
          "h": 1,
          "w": 24,
          "x": 0,
          "y": 32
        },
        "id": 9,
        "panels": [],
        "targets": [
          {
            "datasource": {
              "type": "prometheus",
              "uid": "prometheus"
            },
            "refId": "A"
          }
        ],
        "title": "cardinality calculation",
        "type": "row"
      },
      {
        "datasource": {
          "type": "prometheus",
          "uid": "prometheus"
        },
        "fieldConfig": {
          "defaults": {
            "color": {
              "mode": "thresholds"
            },
            "mappings": [
              {
                "options": {
                  "match": "null",
                  "result": {
                    "text": "N/A"
                  }
                },
                "type": "special"
              }
            ],
            "thresholds": {
              "mode": "absolute",
              "steps": [
                {
                  "color": "#299c46",
                  "value": null
                },
                {
                  "color": "rgba(237, 129, 40, 0.89)",
                  "value": 200
                },
                {
                  "color": "#d44a3a",
                  "value": 1000
                }
              ]
            },
            "unit": "none"
          },
          "overrides": []
        },
        "gridPos": {
          "h": 9,
          "w": 12,
          "x": 0,
          "y": 33
        },
        "id": 20,
        "links": [],
        "maxDataPoints": 100,
        "options": {
          "colorMode": "value",
          "graphMode": "none",
          "justifyMode": "auto",
          "orientation": "horizontal",
          "reduceOptions": {
            "calcs": [
              "lastNotNull"
            ],
            "fields": "",
            "values": false
          },
          "textMode": "auto"
        },
        "pluginVersion": "10.0.3",
        "targets": [
          {
            "datasource": {
              "type": "prometheus",
              "uid": "prometheus"
            },
            "expr": "count(count without (${labels:csv})( $metric{job=\"$job\"}) )",
            "format": "time_series",
            "instant": true,
            "intervalFactor": 1,
            "refId": "A"
          }
        ],
        "title": "count without (${labels:csv})",
        "type": "stat"
      },
      {
        "datasource": {
          "type": "prometheus",
          "uid": "prometheus"
        },
        "fieldConfig": {
          "defaults": {
            "color": {
              "mode": "thresholds"
            },
            "mappings": [
              {
                "options": {
                  "match": "null",
                  "result": {
                    "text": "N/A"
                  }
                },
                "type": "special"
              }
            ],
            "thresholds": {
              "mode": "absolute",
              "steps": [
                {
                  "color": "#299c46",
                  "value": null
                },
                {
                  "color": "rgba(237, 129, 40, 0.89)",
                  "value": 200
                },
                {
                  "color": "#d44a3a",
                  "value": 1000
                }
              ]
            },
            "unit": "none"
          },
          "overrides": []
        },
        "gridPos": {
          "h": 9,
          "w": 12,
          "x": 12,
          "y": 33
        },
        "id": 21,
        "links": [],
        "maxDataPoints": 100,
        "options": {
          "colorMode": "value",
          "graphMode": "none",
          "justifyMode": "auto",
          "orientation": "horizontal",
          "reduceOptions": {
            "calcs": [
              "lastNotNull"
            ],
            "fields": "",
            "values": false
          },
          "textMode": "auto"
        },
        "pluginVersion": "10.0.3",
        "targets": [
          {
            "datasource": {
              "type": "prometheus",
              "uid": "prometheus"
            },
            "expr": "count(count by (${labels:csv})( $metric{job=\"$job\"}) )",
            "format": "time_series",
            "instant": true,
            "intervalFactor": 1,
            "refId": "A"
          }
        ],
        "title": "count by (${labels:csv})",
        "type": "stat"
      },
      {
        "collapsed": false,
        "datasource": {
          "type": "prometheus",
          "uid": "prometheus"
        },
        "gridPos": {
          "h": 1,
          "w": 24,
          "x": 0,
          "y": 42
        },
        "id": 41,
        "panels": [],
        "targets": [
          {
            "datasource": {
              "type": "prometheus",
              "uid": "prometheus"
            },
            "refId": "A"
          }
        ],
        "title": "faq",
        "type": "row"
      },
      {
        "datasource": {
          "type": "prometheus",
          "uid": "prometheus"
        },
        "gridPos": {
          "h": 13,
          "w": 24,
          "x": 0,
          "y": 43
        },
        "id": 46,
        "links": [],
        "options": {
          "code": {
            "language": "plaintext",
            "showLineNumbers": false,
            "showMiniMap": false
          },
          "content": "<h1>FAQ</h1>\n<ul>\n <li> Why doesn't <code>count without</code> * <code>count by</code> = <code>cardinality</code>?</li>\n  <ul>\n   <li> Cardinality is only concerned with existing label/value combinations, not potential ones.  Consider a simple case of a metric with two labels and two possible values for each label.  There are four possible combinations of label values, but if one value only shows up once, then the cardinality will be only three.</li>\n   <li> Example:\n    <table>\n     <tr>\n      <th>label1</th><th>label2</th>\n     </tr>\n     <tr>\n      <td>A</td><td>200</td>\n     </tr>\n     <tr>\n      <td>A</td><td>404</td>\n     </tr>\n     <tr>\n      <td>B</td><td>404</td>\n     </tr>\n    </table>\n   </li>\n  </ul>\n\n <li>This dashboard might help investigating cardinality for individual metrics, but how do I find high-cardinality metrics in the first place?</li>\n  <ul>\n   <li><a href=\"https://www.robustperception.io/which-are-my-biggest-metrics\">query</a> for it: <code>topk(10, count by (__name__)({__name__=~\".+\"}))\n</code></li>\n   <li>use <a href=\"https://www.robustperception.io/using-tsdb-analyze-to-investigate-churn-and-cardinality\">tsdb</a></li>\n  </ul>\n <li>What should I do with high-cardinality labels?</li>\n  <ul>\n   <li>Consider whether you can <a href=\"https://www.robustperception.io/dropping-metrics-at-scrape-time-with-prometheus\">drop</a> them.</li>\n  </ul>\n</ul>\n  \n  \n",
          "mode": "html"
        },
        "pluginVersion": "10.0.3",
        "targets": [
          {
            "datasource": {
              "type": "prometheus",
              "uid": "prometheus"
            },
            "refId": "A"
          }
        ],
        "title": "Frequently Asked Questions",
        "type": "text"
      }
    ],
    "refresh": "",
    "schemaVersion": 38,
    "style": "dark",
    "tags": [],
    "templating": {
      "list": [
        {
          "current": {
            "selected": false,
            "text": "Prometheus",
            "value": "Prometheus"
          },
          "hide": 0,
          "includeAll": false,
          "multi": false,
          "name": "datasource",
          "options": [],
          "query": "prometheus",
          "refresh": 1,
          "regex": "",
          "skipUrlSync": false,
          "type": "datasource"
        },
        {
          "current": {
            "selected": true,
            "text": "yift-cluster-2/corda-corda",
            "value": "yift-cluster-2/corda-corda"
          },
          "datasource": {
            "uid": "$datasource"
          },
          "definition": "",
          "hide": 0,
          "includeAll": false,
          "multi": false,
          "name": "job",
          "options": [],
          "query": "query_result( count by (job)(up{}) )",
          "refresh": 2,
          "regex": "/job=\"([^\"]+)/",
          "skipUrlSync": false,
          "sort": 1,
          "tagValuesQuery": "",
          "tagsQuery": "",
          "type": "query",
          "useTags": false
        },
        {
          "current": {
            "selected": false,
            "text": "corda_consumer_poll_time_seconds_count",
            "value": "corda_consumer_poll_time_seconds_count"
          },
          "datasource": {
            "uid": "$datasource"
          },
          "definition": "",
          "hide": 0,
          "includeAll": false,
          "multi": false,
          "name": "metric",
          "options": [],
          "query": "query_result( count by (__name__) ({job=\"$job\" }) )",
          "refresh": 2,
          "regex": "/^(.*){}/",
          "skipUrlSync": false,
          "sort": 1,
          "tagValuesQuery": "",
          "tagsQuery": "",
          "type": "query",
          "useTags": false
        },
        {
          "current": {
            "selected": true,
            "text": [
              "container"
            ],
            "value": [
              "container"
            ]
          },
          "datasource": {
            "type": "prometheus",
            "uid": "prometheus"
          },
          "definition": "",
          "hide": 0,
          "includeAll": false,
          "multi": true,
          "name": "labels",
          "options": [],
          "query": "query_result(topk(32,$metric{job=\"$job\"} ) )",
          "refresh": 2,
          "regex": "/(?:[\\{,]+)([A-Za-z0-9_]+)=\"/g",
          "skipUrlSync": false,
          "sort": 1,
          "tagValuesQuery": "",
          "tagsQuery": "",
          "type": "query",
          "useTags": false
        },
        {
          "current": {
            "selected": false,
            "text": "All",
            "value": "$__all"
          },
          "datasource": {
            "type": "prometheus",
            "uid": "prometheus"
          },
          "definition": "",
          "hide": 2,
          "includeAll": true,
          "multi": false,
          "name": "label_names",
          "options": [],
          "query": "query_result(topk(32,$metric{job=\"$job\"} ) )",
          "refresh": 2,
          "regex": "/(?:[\\{,]+)([A-Za-z0-9_]+)=\"/g",
          "skipUrlSync": false,
          "sort": 1,
          "tagValuesQuery": "",
          "tagsQuery": "",
          "type": "query",
          "useTags": false
        }
      ]
    },
    "time": {
      "from": "now-5m",
      "to": "now"
    },
    "timepicker": {
      "refresh_intervals": [
        "5s",
        "10s",
        "30s",
        "1m",
        "5m",
        "15m",
        "30m",
        "1h",
        "2h",
        "1d"
      ],
      "time_options": [
        "5m",
        "15m",
        "1h",
        "6h",
        "12h",
        "24h",
        "2d",
        "7d",
        "30d"
      ]
    },
    "timezone": "",
    "title": "Cardinality Explorer",
    "uid": "2KnjXXxWz",
    "version": 1,
    "weekStart": ""
  }
