{
  "annotations": {
    "list": [
      {
        "$$hashKey": "object:268",
        "builtIn": 1,
        "datasource": {
          "type": "datasource",
          "uid": "grafana"
        },
        "enable": true,
        "hide": true,
        "iconColor": "rgba(0, 211, 255, 1)",
        "name": "Annotations & Alerts",
        "target": {
          "limit": 100,
          "matchAny": false,
          "tags": [],
          "type": "dashboard"
        },
        "type": "dashboard"
      }
    ]
  },
  "description": "Global Kafka dashboard running on Kubernetes. Support  Bitnami Kafka chart https://github.com/bitnami/charts/tree/master/bitnami/kafka ",
  "editable": true,
  "fiscalYearStartMonth": 0,
  "gnetId": 12483,
  "graphTooltip": 0,
  "id": 10,
  "links": [],
  "liveNow": false,
  "panels": [
    {
      "collapsed": false,
      "datasource": {
        "type": "prometheus",
        "uid": "prometheus"
      },
      "gridPos": {
        "h": 1,
        "w": 24,
        "x": 0,
        "y": 0
      },
      "id": 10,
      "panels": [],
      "targets": [
        {
          "datasource": {
            "type": "prometheus",
            "uid": "prometheus"
          },
          "refId": "A"
        }
      ],
      "title": "General",
      "type": "row"
    },
    {
      "datasource": {
        "uid": "Prometheus"
      },
      "fieldConfig": {
        "defaults": {
          "color": {
            "fixedColor": "rgb(31, 120, 193)",
            "mode": "fixed"
          },
          "mappings": [
            {
              "options": {
                "match": "null",
                "result": {
                  "text": "N/A"
                }
              },
              "type": "special"
            }
          ],
          "thresholds": {
            "mode": "absolute",
            "steps": [
              {
                "color": "green",
                "value": null
              },
              {
                "color": "red",
                "value": 80
              }
            ]
          },
          "unit": "none"
        },
        "overrides": []
      },
      "gridPos": {
        "h": 6,
        "w": 4,
        "x": 0,
        "y": 1
      },
      "id": 2,
      "links": [],
      "maxDataPoints": 100,
      "options": {
        "colorMode": "none",
        "graphMode": "area",
        "justifyMode": "auto",
        "orientation": "horizontal",
        "reduceOptions": {
          "calcs": [
            "lastNotNull"
          ],
          "fields": "",
          "values": false
        },
        "textMode": "auto"
      },
      "pluginVersion": "9.3.1",
      "targets": [
        {
          "datasource": {
            "uid": "Prometheus"
          },
          "expr": "kafka_brokers{namespace=\"$namespace\"}",
          "format": "time_series",
          "instant": false,
          "intervalFactor": 1,
          "refId": "A"
        }
      ],
      "title": "Number of brokers",
      "type": "stat"
    },
    {
      "datasource": {
        "uid": "Prometheus"
      },
      "fieldConfig": {
        "defaults": {
          "color": {
            "mode": "thresholds"
          },
          "mappings": [
            {
              "options": {
                "0": {
                  "text": "DOWN"
                },
                "1": {
                  "text": "UP"
                }
              },
              "type": "value"
            },
            {
              "options": {
                "match": "null",
                "result": {
                  "text": "INVALID BROKER"
                }
              },
              "type": "special"
            }
          ],
          "thresholds": {
            "mode": "absolute",
            "steps": [
              {
                "color": "#d44a3a",
                "value": null
              },
              {
                "color": "rgba(237, 129, 40, 0.89)",
                "value": 1
              },
              {
                "color": "#299c46",
                "value": 1
              }
            ]
          },
          "unit": "none"
        },
        "overrides": []
      },
      "gridPos": {
        "h": 6,
        "w": 4,
        "x": 4,
        "y": 1
      },
      "id": 27,
      "links": [],
      "maxDataPoints": 100,
      "options": {
        "colorMode": "background",
        "graphMode": "none",
        "justifyMode": "auto",
        "orientation": "vertical",
        "reduceOptions": {
          "calcs": [
            "lastNotNull"
          ],
          "fields": "",
          "values": false
        },
        "text": {
          "titleSize": 1
        },
        "textMode": "auto"
      },
      "pluginVersion": "9.3.1",
      "targets": [
        {
          "datasource": {
            "uid": "Prometheus"
          },
          "expr": "up{namespace=\"$namespace\", instance=~\"$broker\"}",
          "format": "time_series",
          "instant": true,
          "interval": "",
          "intervalFactor": 1,
          "legendFormat": "",
          "refId": "A"
        }
      ],
      "title": "Broker status",
      "type": "stat"
    },
    {
      "datasource": {
        "uid": "Prometheus"
      },
      "fieldConfig": {
        "defaults": {
          "color": {
            "fixedColor": "rgb(31, 120, 193)",
            "mode": "fixed"
          },
          "mappings": [
            {
              "options": {
                "match": "null",
                "result": {
                  "text": "INVALID BROKER"
                }
              },
              "type": "special"
            }
          ],
          "thresholds": {
            "mode": "absolute",
            "steps": [
              {
                "color": "green",
                "value": null
              },
              {
                "color": "red",
                "value": 80
              }
            ]
          },
          "unit": "none"
        },
        "overrides": []
      },
      "gridPos": {
        "h": 6,
        "w": 4,
        "x": 8,
        "y": 1
      },
      "id": 30,
      "links": [],
      "maxDataPoints": 100,
      "options": {
        "colorMode": "none",
        "graphMode": "area",
        "justifyMode": "auto",
        "orientation": "horizontal",
        "reduceOptions": {
          "calcs": [
            "lastNotNull"
          ],
          "fields": "",
          "values": false
        },
        "textMode": "auto"
      },
      "pluginVersion": "9.3.1",
      "targets": [
        {
          "datasource": {
            "uid": "Prometheus"
          },
          "expr": "kafka_server_replicamanager_total_partitioncount_value{namespace=\"$namespace\", instance=~\"$broker\"}",
          "format": "time_series",
          "instant": false,
          "interval": "",
          "intervalFactor": 1,
          "legendFormat": "",
          "refId": "A"
        }
      ],
      "title": "Partition count",
      "type": "stat"
    },
    {
      "datasource": {
        "uid": "Prometheus"
      },
      "fieldConfig": {
        "defaults": {
          "color": {
            "mode": "thresholds"
          },
          "mappings": [
            {
              "options": {
                "match": "null",
                "result": {
                  "text": "N/A"
                }
              },
              "type": "special"
            }
          ],
          "thresholds": {
            "mode": "absolute",
            "steps": [
              {
                "color": "green",
                "value": null
              },
              {
                "color": "red",
                "value": 80
              }
            ]
          },
          "unit": "none"
        },
        "overrides": []
      },
      "gridPos": {
        "h": 3,
        "w": 4,
        "x": 12,
        "y": 1
      },
      "id": 4,
      "links": [],
      "maxDataPoints": 100,
      "options": {
        "colorMode": "none",
        "graphMode": "none",
        "justifyMode": "auto",
        "orientation": "horizontal",
        "reduceOptions": {
          "calcs": [
            "lastNotNull"
          ],
          "fields": "/^instance$/",
          "values": false
        },
        "textMode": "auto"
      },
      "pluginVersion": "9.3.1",
      "targets": [
        {
          "datasource": {
            "uid": "Prometheus"
          },
          "expr": "kafka_controller_kafkacontroller_activecontrollercount_value{namespace=\"$namespace\"} == 1",
          "format": "table",
          "hide": false,
          "instant": true,
          "interval": "",
          "intervalFactor": 1,
          "legendFormat": "",
          "refId": "A"
        }
      ],
      "title": "Active controller",
      "type": "stat"
    },
    {
      "datasource": {
        "uid": "Prometheus"
      },
      "fieldConfig": {
        "defaults": {
          "color": {
            "mode": "thresholds"
          },
          "mappings": [
            {
              "options": {
                "match": "null",
                "result": {
                  "text": "N/A"
                }
              },
              "type": "special"
            }
          ],
          "thresholds": {
            "mode": "absolute",
            "steps": [
              {
                "color": "#299c46",
                "value": null
              },
              {
                "color": "rgba(237, 129, 40, 0.89)",
                "value": 1
              },
              {
                "color": "#d44a3a",
                "value": 1
              }
            ]
          },
          "unit": "none"
        },
        "overrides": []
      },
      "gridPos": {
        "h": 3,
        "w": 4,
        "x": 16,
        "y": 1
      },
      "id": 12,
      "links": [],
      "maxDataPoints": 100,
      "options": {
        "colorMode": "background",
        "graphMode": "none",
        "justifyMode": "auto",
        "orientation": "horizontal",
        "reduceOptions": {
          "calcs": [
            "lastNotNull"
          ],
          "fields": "",
          "values": false
        },
        "textMode": "auto"
      },
      "pluginVersion": "9.3.1",
      "targets": [
        {
          "datasource": {
            "uid": "Prometheus"
          },
          "expr": "sum(kafka_controller_kafkacontroller_offlinepartitionscount_value{namespace=\"$namespace\", instance=~\"$broker\"})",
          "format": "time_series",
          "instant": true,
          "intervalFactor": 1,
          "refId": "A"
        }
      ],
      "title": "Offline partitions count",
      "type": "stat"
    },
    {
      "datasource": {
        "uid": "Prometheus"
      },
      "fieldConfig": {
        "defaults": {
          "color": {
            "mode": "thresholds"
          },
          "mappings": [
            {
              "options": {
                "match": "null",
                "result": {
                  "text": "N/A"
                }
              },
              "type": "special"
            }
          ],
          "thresholds": {
            "mode": "absolute",
            "steps": [
              {
                "color": "#d44a3a",
                "value": null
              },
              {
                "color": "rgba(237, 129, 40, 0.89)",
                "value": 0
              },
              {
                "color": "#299c46",
                "value": 0
              }
            ]
          },
          "unit": "none"
        },
        "overrides": []
      },
      "gridPos": {
        "h": 3,
        "w": 4,
        "x": 20,
        "y": 1
      },
      "id": 64,
      "links": [],
      "maxDataPoints": 100,
      "options": {
        "colorMode": "background",
        "graphMode": "none",
        "justifyMode": "auto",
        "orientation": "horizontal",
        "reduceOptions": {
          "calcs": [
            "lastNotNull"
          ],
          "fields": "",
          "values": false
        },
        "textMode": "auto"
      },
      "pluginVersion": "9.3.1",
      "targets": [
        {
          "datasource": {
            "uid": "Prometheus"
          },
          "expr": "- sum(kafka_server_replicamanager_total_isrexpandspersec_count{namespace=\"$namespace\", instance=~\"$broker\"})",
          "format": "time_series",
          "instant": true,
          "interval": "",
          "intervalFactor": 1,
          "legendFormat": "",
          "refId": "A"
        }
      ],
      "title": "In-sync replicas expands",
      "type": "stat"
    },
    {
      "datasource": {
        "uid": "Prometheus"
      },
      "fieldConfig": {
        "defaults": {
          "color": {
            "mode": "thresholds"
          },
          "mappings": [
            {
              "options": {
                "from": -9999999999,
                "result": {
                  "text": "KO"
                },
                "to": 0
              },
              "type": "range"
            },
            {
              "options": {
                "from": 1,
                "result": {
                  "text": "OK"
                },
                "to": 1
              },
              "type": "range"
            },
            {
              "options": {
                "from": 2,
                "result": {
                  "text": "KO"
                },
                "to": 9999999999
              },
              "type": "range"
            }
          ],
          "thresholds": {
            "mode": "absolute",
            "steps": [
              {
                "color": "#d44a3a",
                "value": null
              },
              {
                "color": "#299c46",
                "value": 1
              },
              {
                "color": "#d44a3a",
                "value": 2
              }
            ]
          },
          "unit": "none"
        },
        "overrides": []
      },
      "gridPos": {
        "h": 3,
        "w": 4,
        "x": 12,
        "y": 4
      },
      "id": 60,
      "links": [],
      "maxDataPoints": 100,
      "options": {
        "colorMode": "background",
        "graphMode": "none",
        "justifyMode": "auto",
        "orientation": "horizontal",
        "reduceOptions": {
          "calcs": [
            "lastNotNull"
          ],
          "fields": "",
          "values": false
        },
        "textMode": "auto"
      },
      "pluginVersion": "9.3.1",
      "targets": [
        {
          "datasource": {
            "uid": "Prometheus"
          },
          "expr": "sum(kafka_controller_kafkacontroller_activecontrollercount_value{namespace=\"$namespace\"})",
          "format": "time_series",
          "instant": true,
          "intervalFactor": 1,
          "refId": "A"
        }
      ],
      "title": "Active controller status",
      "type": "stat"
    },
    {
      "datasource": {
        "uid": "Prometheus"
      },
      "fieldConfig": {
        "defaults": {
          "color": {
            "mode": "thresholds"
          },
          "mappings": [
            {
              "options": {
                "from": 0,
                "result": {
                  "text": "OK"
                },
                "to": 0
              },
              "type": "range"
            },
            {
              "options": {
                "from": 1,
                "result": {
                  "text": "KO"
                },
                "to": 9999999999
              },
              "type": "range"
            }
          ],
          "thresholds": {
            "mode": "absolute",
            "steps": [
              {
                "color": "#299c46",
                "value": null
              },
              {
                "color": "rgba(237, 129, 40, 0.89)",
                "value": 1
              },
              {
                "color": "#d44a3a",
                "value": 1
              }
            ]
          },
          "unit": "none"
        },
        "overrides": []
      },
      "gridPos": {
        "h": 3,
        "w": 4,
        "x": 16,
        "y": 4
      },
      "id": 20,
      "links": [],
      "maxDataPoints": 100,
      "options": {
        "colorMode": "background",
        "graphMode": "none",
        "justifyMode": "auto",
        "orientation": "horizontal",
        "reduceOptions": {
          "calcs": [
            "lastNotNull"
          ],
          "fields": "",
          "values": false
        },
        "textMode": "auto"
      },
      "pluginVersion": "9.3.1",
      "targets": [
        {
          "datasource": {
            "uid": "Prometheus"
          },
          "expr": "sum(kafka_controller_controllerstats_uncleanleaderelectionspersec_count{namespace=\"$namespace\", instance=~\"$broker\"})",
          "format": "time_series",
          "instant": true,
          "intervalFactor": 1,
          "refId": "A"
        }
      ],
      "title": "Unclean leader election",
      "type": "stat"
    },
    {
      "datasource": {
        "uid": "Prometheus"
      },
      "fieldConfig": {
        "defaults": {
          "color": {
            "mode": "thresholds"
          },
          "mappings": [
            {
              "options": {
                "match": "null",
                "result": {
                  "text": "N/A"
                }
              },
              "type": "special"
            }
          ],
          "thresholds": {
            "mode": "absolute",
            "steps": [
              {
                "color": "#d44a3a",
                "value": null
              },
              {
                "color": "rgba(237, 129, 40, 0.89)",
                "value": 0
              },
              {
                "color": "#299c46",
                "value": 0
              }
            ]
          },
          "unit": "none"
        },
        "overrides": []
      },
      "gridPos": {
        "h": 3,
        "w": 4,
        "x": 20,
        "y": 4
      },
      "id": 63,
      "links": [],
      "maxDataPoints": 100,
      "options": {
        "colorMode": "background",
        "graphMode": "none",
        "justifyMode": "auto",
        "orientation": "horizontal",
        "reduceOptions": {
          "calcs": [
            "lastNotNull"
          ],
          "fields": "",
          "values": false
        },
        "textMode": "auto"
      },
      "pluginVersion": "9.3.1",
      "targets": [
        {
          "datasource": {
            "uid": "Prometheus"
          },
          "expr": "- sum(kafka_server_replicamanager_total_isrshrinkspersec_count{namespace=\"$namespace\", instance=~\"$broker\"})",
          "format": "time_series",
          "instant": true,
          "interval": "",
          "intervalFactor": 1,
          "legendFormat": "",
          "refId": "A"
        }
      ],
      "title": "In-sync replicas shrinks",
      "type": "stat"
    },
    {
      "aliasColors": {},
      "bars": false,
      "dashLength": 10,
      "dashes": false,
      "datasource": {
        "uid": "Prometheus"
      },
      "fieldConfig": {
        "defaults": {
          "links": []
        },
        "overrides": []
      },
      "fill": 1,
      "fillGradient": 0,
      "gridPos": {
        "h": 7,
        "w": 8,
        "x": 0,
        "y": 7
      },
      "hiddenSeries": false,
      "id": 16,
      "legend": {
        "avg": false,
        "current": false,
        "max": false,
        "min": false,
        "show": false,
        "total": false,
        "values": false
      },
      "lines": true,
      "linewidth": 2,
      "links": [],
      "nullPointMode": "null",
      "options": {
        "alertThreshold": true
      },
      "percentage": false,
      "pluginVersion": "9.3.1",
      "pointradius": 5,
      "points": false,
      "renderer": "flot",
      "seriesOverrides": [],
      "spaceLength": 10,
      "stack": false,
      "steppedLine": false,
      "targets": [
        {
          "datasource": {
            "uid": "Prometheus"
          },
          "expr": "kafka_server_brokertopicmetrics_total_bytesinpersec_count{namespace=\"$namespace\", instance=~\"$broker\"} / kafka_server_brokertopicmetrics_total_bytesoutpersec_count{namespace=\"$namespace\", instance=~\"$broker\"}",
          "format": "time_series",
          "hide": false,
          "instant": false,
          "interval": "",
          "intervalFactor": 1,
          "legendFormat": "Broker {{ instance }}",
          "refId": "A"
        }
      ],
      "thresholds": [],
      "timeRegions": [],
      "title": "Bytes rate",
      "tooltip": {
        "shared": true,
        "sort": 0,
        "value_type": "individual"
      },
      "type": "graph",
      "xaxis": {
        "mode": "time",
        "show": true,
        "values": []
      },
      "yaxes": [
        {
          "format": "Bps",
          "logBase": 1,
          "show": true
        },
        {
          "format": "short",
          "logBase": 1,
          "show": true
        }
      ],
      "yaxis": {
        "align": false
      }
    },
    {
      "aliasColors": {},
      "bars": false,
      "dashLength": 10,
      "dashes": false,
      "datasource": {
        "uid": "Prometheus"
      },
      "fieldConfig": {
        "defaults": {
          "links": []
        },
        "overrides": []
      },
      "fill": 1,
      "fillGradient": 0,
      "gridPos": {
        "h": 7,
        "w": 8,
        "x": 8,
        "y": 7
      },
      "hiddenSeries": false,
      "id": 14,
      "legend": {
        "avg": false,
        "current": false,
        "max": false,
        "min": false,
        "show": false,
        "total": false,
        "values": false
      },
      "lines": true,
      "linewidth": 2,
      "links": [],
      "nullPointMode": "null",
      "options": {
        "alertThreshold": true
      },
      "percentage": false,
      "pluginVersion": "9.3.1",
      "pointradius": 5,
      "points": false,
      "renderer": "flot",
      "seriesOverrides": [],
      "spaceLength": 10,
      "stack": false,
      "steppedLine": false,
      "targets": [
        {
          "datasource": {
            "uid": "Prometheus"
          },
          "expr": "kafka_server_brokertopicmetrics_total_messagesinpersec_oneminuterate{namespace=\"$namespace\", instance=~\"$broker\"}",
          "format": "time_series",
          "instant": false,
          "intervalFactor": 1,
          "legendFormat": "{{ instance }} {{ value }}",
          "refId": "A"
        }
      ],
      "thresholds": [],
      "timeRegions": [],
      "title": "Messages IN",
      "tooltip": {
        "shared": true,
        "sort": 0,
        "value_type": "individual"
      },
      "type": "graph",
      "xaxis": {
        "mode": "time",
        "show": true,
        "values": []
      },
      "yaxes": [
        {
          "format": "ops",
          "logBase": 1,
          "show": true
        },
        {
          "format": "short",
          "logBase": 1,
          "show": true
        }
      ],
      "yaxis": {
        "align": false
      }
    },
    {
      "aliasColors": {},
      "bars": true,
      "dashLength": 10,
      "dashes": false,
      "datasource": {
        "uid": "Prometheus"
      },
      "fieldConfig": {
        "defaults": {
          "links": []
        },
        "overrides": []
      },
      "fill": 1,
      "fillGradient": 0,
      "gridPos": {
        "h": 7,
        "w": 8,
        "x": 16,
        "y": 7
      },
      "hiddenSeries": false,
      "id": 22,
      "legend": {
        "avg": false,
        "current": false,
        "max": false,
        "min": false,
        "show": false,
        "total": false,
        "values": false
      },
      "lines": false,
      "linewidth": 1,
      "links": [],
      "nullPointMode": "null",
      "options": {
        "alertThreshold": true
      },
      "percentage": false,
      "pluginVersion": "9.3.1",
      "pointradius": 5,
      "points": false,
      "renderer": "flot",
      "seriesOverrides": [],
      "spaceLength": 10,
      "stack": false,
      "steppedLine": false,
      "targets": [
        {
          "datasource": {
            "uid": "Prometheus"
          },
          "expr": "kafka_server_replicamanager_total_partitioncount_value{namespace=\"$namespace\"}",
          "format": "time_series",
          "instant": true,
          "intervalFactor": 1,
          "legendFormat": "{{ instance }}",
          "refId": "A"
        }
      ],
      "thresholds": [],
      "timeRegions": [],
      "title": "Number of partitions",
      "tooltip": {
        "shared": false,
        "sort": 0,
        "value_type": "individual"
      },
      "type": "graph",
      "xaxis": {
        "mode": "series",
        "show": true,
        "values": [
          "current"
        ]
      },
      "yaxes": [
        {
          "format": "short",
          "logBase": 1,
          "min": "0",
          "show": true
        },
        {
          "format": "short",
          "logBase": 1,
          "show": false
        }
      ],
      "yaxis": {
        "align": false,
        "alignLevel": 0
      }
    },
    {
      "aliasColors": {},
      "bars": false,
      "dashLength": 10,
      "dashes": false,
      "datasource": {
        "uid": "Prometheus"
      },
      "fieldConfig": {
        "defaults": {
          "links": []
        },
        "overrides": []
      },
      "fill": 1,
      "fillGradient": 0,
      "gridPos": {
        "h": 7,
        "w": 8,
        "x": 0,
        "y": 14
      },
      "hiddenSeries": false,
      "id": 55,
      "legend": {
        "avg": false,
        "current": false,
        "max": false,
        "min": false,
        "show": false,
        "total": false,
        "values": false
      },
      "lines": true,
      "linewidth": 2,
      "links": [],
      "nullPointMode": "null",
      "options": {
        "alertThreshold": true
      },
      "percentage": false,
      "pluginVersion": "9.3.1",
      "pointradius": 5,
      "points": false,
      "renderer": "flot",
      "seriesOverrides": [],
      "spaceLength": 10,
      "stack": false,
      "steppedLine": false,
      "targets": [
        {
          "datasource": {
            "uid": "Prometheus"
          },
          "expr": "rate(kafka_server_brokertopicmetrics_total_bytesinpersec_count{namespace=\"$namespace\", instance=~\"$broker\"}[5m])",
          "format": "time_series",
          "hide": false,
          "instant": false,
          "intervalFactor": 1,
          "legendFormat": "{{ instance }}",
          "refId": "A"
        }
      ],
      "thresholds": [],
      "timeRegions": [],
      "title": "Bytes IN",
      "tooltip": {
        "shared": true,
        "sort": 0,
        "value_type": "individual"
      },
      "type": "graph",
      "xaxis": {
        "mode": "time",
        "show": true,
        "values": []
      },
      "yaxes": [
        {
          "format": "Bps",
          "logBase": 1,
          "show": true
        },
        {
          "format": "short",
          "logBase": 1,
          "show": true
        }
      ],
      "yaxis": {
        "align": false
      }
    },
    {
      "aliasColors": {},
      "bars": false,
      "dashLength": 10,
      "dashes": false,
      "datasource": {
        "uid": "Prometheus"
      },
      "fieldConfig": {
        "defaults": {
          "links": []
        },
        "overrides": []
      },
      "fill": 1,
      "fillGradient": 0,
      "gridPos": {
        "h": 7,
        "w": 8,
        "x": 8,
        "y": 14
      },
      "hiddenSeries": false,
      "id": 56,
      "legend": {
        "avg": false,
        "current": false,
        "max": false,
        "min": false,
        "show": false,
        "total": false,
        "values": false
      },
      "lines": true,
      "linewidth": 2,
      "links": [],
      "nullPointMode": "null",
      "options": {
        "alertThreshold": true
      },
      "percentage": false,
      "pluginVersion": "9.3.1",
      "pointradius": 5,
      "points": false,
      "renderer": "flot",
      "seriesOverrides": [],
      "spaceLength": 10,
      "stack": false,
      "steppedLine": false,
      "targets": [
        {
          "datasource": {
            "uid": "Prometheus"
          },
          "expr": "rate(kafka_server_brokertopicmetrics_total_bytesoutpersec_count{namespace=\"$namespace\", instance=~\"$broker\"}[5m])",
          "format": "time_series",
          "hide": false,
          "instant": false,
          "intervalFactor": 1,
          "legendFormat": "Broker {{ instance }}",
          "refId": "A"
        }
      ],
      "thresholds": [],
      "timeRegions": [],
      "title": "Bytes OUT",
      "tooltip": {
        "shared": true,
        "sort": 0,
        "value_type": "individual"
      },
      "type": "graph",
      "xaxis": {
        "mode": "time",
        "show": true,
        "values": []
      },
      "yaxes": [
        {
          "format": "Bps",
          "logBase": 1,
          "show": true
        },
        {
          "format": "short",
          "logBase": 1,
          "show": true
        }
      ],
      "yaxis": {
        "align": false
      }
    },
    {
      "aliasColors": {},
      "bars": false,
      "dashLength": 10,
      "dashes": false,
      "datasource": {
        "uid": "Prometheus"
      },
      "fieldConfig": {
        "defaults": {
          "links": []
        },
        "overrides": []
      },
      "fill": 1,
      "fillGradient": 0,
      "gridPos": {
        "h": 7,
        "w": 8,
        "x": 16,
        "y": 14
      },
      "hiddenSeries": false,
      "id": 66,
      "legend": {
        "avg": false,
        "current": false,
        "max": false,
        "min": false,
        "show": false,
        "total": false,
        "values": false
      },
      "lines": true,
      "linewidth": 2,
      "links": [],
      "nullPointMode": "null",
      "options": {
        "alertThreshold": true
      },
      "percentage": false,
      "pluginVersion": "9.3.1",
      "pointradius": 5,
      "points": false,
      "renderer": "flot",
      "seriesOverrides": [],
      "spaceLength": 10,
      "stack": false,
      "steppedLine": false,
      "targets": [
        {
          "datasource": {
            "uid": "Prometheus"
          },
          "expr": "- kafka_server_replicamanager_total_isrshrinkspersec_count{namespace=\"$namespace\", instance=~\"$broker\"}",
          "format": "time_series",
          "hide": false,
          "intervalFactor": 1,
          "legendFormat": "{{ instance }}",
          "refId": "A"
        },
        {
          "datasource": {
            "uid": "Prometheus"
          },
          "expr": "- kafka_server_replicamanager_total_isrexpandspersec_count{namespace=\"$namespace\", instance=~\"$broker\"}",
          "format": "time_series",
          "hide": true,
          "intervalFactor": 1,
          "legendFormat": "{{ instance }}",
          "refId": "B"
        }
      ],
      "thresholds": [],
      "timeRegions": [],
      "title": "In-sync replicas",
      "tooltip": {
        "shared": true,
        "sort": 0,
        "value_type": "individual"
      },
      "type": "graph",
      "xaxis": {
        "mode": "time",
        "show": true,
        "values": []
      },
      "yaxes": [
        {
          "format": "short",
          "logBase": 1,
          "max": "0",
          "show": true
        },
        {
          "format": "short",
          "logBase": 1,
          "show": true
        }
      ],
      "yaxis": {
        "align": false
      }
    },
    {
      "collapsed": true,
      "datasource": {
        "type": "prometheus",
        "uid": "prometheus"
      },
      "gridPos": {
        "h": 1,
        "w": 24,
        "x": 0,
        "y": 21
      },
      "id": 38,
      "panels": [
        {
          "aliasColors": {},
          "bars": false,
          "dashLength": 10,
          "dashes": false,
          "datasource": {
            "uid": "Prometheus"
          },
          "fieldConfig": {
            "defaults": {
              "links": []
            },
            "overrides": []
          },
          "fill": 1,
          "fillGradient": 0,
          "gridPos": {
            "h": 7,
            "w": 8,
            "x": 0,
            "y": 2
          },
          "hiddenSeries": false,
          "id": 34,
          "legend": {
            "avg": false,
            "current": false,
            "max": false,
            "min": false,
            "show": false,
            "total": false,
            "values": false
          },
          "lines": true,
          "linewidth": 2,
          "links": [],
          "nullPointMode": "null",
          "options": {
            "alertThreshold": true
          },
          "percentage": false,
          "pluginVersion": "9.3.1",
          "pointradius": 5,
          "points": false,
          "renderer": "flot",
          "seriesOverrides": [],
          "spaceLength": 10,
          "stack": false,
          "steppedLine": false,
          "targets": [
            {
              "datasource": {
                "uid": "Prometheus"
              },
              "expr": "java_lang_memory_heapmemoryusage_used{namespace=\"$namespace\", instance=~\"$broker\"}",
              "format": "time_series",
              "hide": false,
              "instant": false,
              "interval": "",
              "intervalFactor": 5,
              "legendFormat": "used {{ instance }}",
              "refId": "A"
            },
            {
              "datasource": {
                "uid": "Prometheus"
              },
              "expr": "java_lang_memory_heapmemoryusage_max{namespace=\"$namespace\", instance=~\"$broker\"}",
              "format": "time_series",
              "instant": false,
              "interval": "",
              "intervalFactor": 5,
              "legendFormat": "max {{ instance }}",
              "refId": "B"
            }
          ],
          "thresholds": [],
          "timeRegions": [],
          "title": "JVM memory",
          "tooltip": {
            "shared": true,
            "sort": 0,
            "value_type": "individual"
          },
          "type": "graph",
          "xaxis": {
            "mode": "time",
            "show": true,
            "values": []
          },
          "yaxes": [
            {
              "format": "decbytes",
              "logBase": 1,
              "show": true
            },
            {
              "format": "short",
              "logBase": 1,
              "show": true
            }
          ],
          "yaxis": {
            "align": false
          }
        },
        {
          "aliasColors": {},
          "bars": false,
          "dashLength": 10,
          "dashes": false,
          "datasource": {
            "uid": "Prometheus"
          },
          "fieldConfig": {
            "defaults": {
              "links": []
            },
            "overrides": []
          },
          "fill": 1,
          "fillGradient": 0,
          "gridPos": {
            "h": 7,
            "w": 8,
            "x": 8,
            "y": 2
          },
          "hiddenSeries": false,
          "id": 40,
          "legend": {
            "avg": false,
            "current": false,
            "max": false,
            "min": false,
            "show": false,
            "total": false,
            "values": false
          },
          "lines": true,
          "linewidth": 2,
          "links": [],
          "nullPointMode": "null",
          "options": {
            "alertThreshold": true
          },
          "percentage": false,
          "pluginVersion": "9.3.1",
          "pointradius": 5,
          "points": false,
          "renderer": "flot",
          "seriesOverrides": [],
          "spaceLength": 10,
          "stack": false,
          "steppedLine": false,
          "targets": [
            {
              "datasource": {
                "uid": "Prometheus"
              },
              "expr": "java_lang_operatingsystem_systemcpuload{namespace=\"$namespace\", instance=~\"$broker\"} * 100",
              "format": "time_series",
              "hide": false,
              "intervalFactor": 4,
              "legendFormat": "system {{ instance }}",
              "refId": "A"
            },
            {
              "datasource": {
                "uid": "Prometheus"
              },
              "expr": "java_lang_operatingsystem_processcpuload{namespace=\"$namespace\", instance=~\"$broker\"} * 100",
              "format": "time_series",
              "hide": false,
              "intervalFactor": 4,
              "legendFormat": "process {{ instance }}",
              "refId": "B"
            }
          ],
          "thresholds": [],
          "timeRegions": [],
          "title": "CPU load",
          "tooltip": {
            "shared": true,
            "sort": 0,
            "value_type": "individual"
          },
          "type": "graph",
          "xaxis": {
            "mode": "time",
            "show": true,
            "values": []
          },
          "yaxes": [
            {
              "format": "percent",
              "logBase": 1,
              "show": true
            },
            {
              "format": "short",
              "logBase": 1,
              "show": true
            }
          ],
          "yaxis": {
            "align": false
          }
        },
        {
          "aliasColors": {},
          "bars": false,
          "dashLength": 10,
          "dashes": false,
          "datasource": {
            "uid": "Prometheus"
          },
          "fieldConfig": {
            "defaults": {
              "links": []
            },
            "overrides": []
          },
          "fill": 1,
          "fillGradient": 0,
          "gridPos": {
            "h": 7,
            "w": 8,
            "x": 16,
            "y": 2
          },
          "hiddenSeries": false,
          "id": 54,
          "legend": {
            "avg": false,
            "current": false,
            "max": false,
            "min": false,
            "show": false,
            "total": false,
            "values": false
          },
          "lines": true,
          "linewidth": 2,
          "links": [],
          "nullPointMode": "null",
          "options": {
            "alertThreshold": true
          },
          "percentage": false,
          "pluginVersion": "9.3.1",
          "pointradius": 5,
          "points": false,
          "renderer": "flot",
          "seriesOverrides": [],
          "spaceLength": 10,
          "stack": false,
          "steppedLine": false,
          "targets": [
            {
              "datasource": {
                "uid": "Prometheus"
              },
              "expr": "java_lang_operatingsystem_totalphysicalmemorysize{namespace=\"$namespace\", instance=~\"$broker\"}",
              "format": "time_series",
              "intervalFactor": 1,
              "legendFormat": "Total memory {{ instance }}",
              "refId": "A"
            },
            {
              "datasource": {
                "uid": "Prometheus"
              },
              "expr": "java_lang_operatingsystem_freephysicalmemorysize{namespace=\"$namespace\", instance=~\"$broker\"}",
              "format": "time_series",
              "hide": false,
              "intervalFactor": 1,
              "legendFormat": "Free memory {{ instance }}",
              "refId": "B"
            },
            {
              "datasource": {
                "uid": "Prometheus"
              },
              "expr": "java_lang_operatingsystem_totalswapspacesize{namespace=\"$namespace\", instance=~\"$broker\"}",
              "format": "time_series",
              "hide": false,
              "intervalFactor": 1,
              "legendFormat": "Total SWAP  {{ instance }}",
              "refId": "C"
            },
            {
              "datasource": {
                "uid": "Prometheus"
              },
              "expr": "java_lang_operatingsystem_freeswapspacesize{namespace=\"$namespace\", instance=~\"$broker\"}",
              "format": "time_series",
              "hide": false,
              "intervalFactor": 1,
              "legendFormat": "Free SWAP  {{ instance }}",
              "refId": "D"
            },
            {
              "datasource": {
                "uid": "Prometheus"
              },
              "expr": "java_lang_operatingsystem_committedvirtualmemorysize{namespace=\"$namespace\", instance=~\"$broker\"}",
              "format": "time_series",
              "hide": false,
              "intervalFactor": 1,
              "legendFormat": "Committed virtual memory {{ instance }}",
              "refId": "E"
            }
          ],
          "thresholds": [],
          "timeRegions": [],
          "title": "System memory",
          "tooltip": {
            "shared": true,
            "sort": 0,
            "value_type": "individual"
          },
          "type": "graph",
          "xaxis": {
            "mode": "time",
            "show": true,
            "values": []
          },
          "yaxes": [
            {
              "format": "decbytes",
              "logBase": 1,
              "show": true
            },
            {
              "format": "short",
              "logBase": 1,
              "show": true
            }
          ],
          "yaxis": {
            "align": false
          }
        },
        {
          "aliasColors": {},
          "bars": false,
          "dashLength": 10,
          "dashes": false,
          "datasource": {
            "uid": "Prometheus"
          },
          "fieldConfig": {
            "defaults": {
              "links": []
            },
            "overrides": []
          },
          "fill": 1,
          "fillGradient": 0,
          "gridPos": {
            "h": 7,
            "w": 8,
            "x": 0,
            "y": 9
          },
          "hiddenSeries": false,
          "id": 46,
          "legend": {
            "avg": false,
            "current": false,
            "max": false,
            "min": false,
            "show": false,
            "total": false,
            "values": false
          },
          "lines": true,
          "linewidth": 2,
          "links": [],
          "nullPointMode": "null",
          "options": {
            "alertThreshold": true
          },
          "percentage": false,
          "pluginVersion": "9.3.1",
          "pointradius": 5,
          "points": false,
          "renderer": "flot",
          "seriesOverrides": [],
          "spaceLength": 10,
          "stack": false,
          "steppedLine": false,
          "targets": [
            {
              "datasource": {
                "uid": "Prometheus"
              },
              "expr": "java_lang_operatingsystem_systemloadaverage{namespace=\"$namespace\", instance=~\"$broker\"}",
              "format": "time_series",
              "instant": false,
              "intervalFactor": 1,
              "legendFormat": "System load average",
              "refId": "A"
            },
            {
              "datasource": {
                "uid": "Prometheus"
              },
              "expr": "java_lang_operatingsystem_availableprocessors{namespace=\"$namespace\", instance=~\"$broker\"}",
              "format": "time_series",
              "intervalFactor": 1,
              "legendFormat": "Available Processors",
              "refId": "B"
            }
          ],
          "thresholds": [],
          "timeRegions": [],
          "title": "System load",
          "tooltip": {
            "shared": true,
            "sort": 0,
            "value_type": "individual"
          },
          "type": "graph",
          "xaxis": {
            "mode": "time",
            "show": true,
            "values": []
          },
          "yaxes": [
            {
              "format": "short",
              "logBase": 1,
              "show": true
            },
            {
              "format": "short",
              "logBase": 1,
              "show": true
            }
          ],
          "yaxis": {
            "align": false
          }
        },
        {
          "aliasColors": {},
          "bars": false,
          "dashLength": 10,
          "dashes": false,
          "datasource": {
            "uid": "Prometheus"
          },
          "fieldConfig": {
            "defaults": {
              "links": []
            },
            "overrides": []
          },
          "fill": 1,
          "fillGradient": 0,
          "gridPos": {
            "h": 7,
            "w": 8,
            "x": 8,
            "y": 9
          },
          "hiddenSeries": false,
          "id": 48,
          "legend": {
            "avg": false,
            "current": false,
            "max": false,
            "min": false,
            "show": false,
            "total": false,
            "values": false
          },
          "lines": true,
          "linewidth": 2,
          "links": [],
          "nullPointMode": "null",
          "options": {
            "alertThreshold": true
          },
          "percentage": false,
          "pluginVersion": "9.3.1",
          "pointradius": 5,
          "points": false,
          "renderer": "flot",
          "seriesOverrides": [],
          "spaceLength": 10,
          "stack": false,
          "steppedLine": false,
          "targets": [
            {
              "datasource": {
                "uid": "Prometheus"
              },
              "expr": "java_lang_operatingsystem_openfiledescriptorcount{namespace=\"$namespace\", instance=~\"$broker\"}",
              "format": "time_series",
              "intervalFactor": 1,
              "legendFormat": "{{ instance }}",
              "refId": "A"
            }
          ],
          "thresholds": [],
          "timeRegions": [],
          "title": "Open file descriptor",
          "tooltip": {
            "shared": true,
            "sort": 0,
            "value_type": "individual"
          },
          "type": "graph",
          "xaxis": {
            "mode": "time",
            "show": true,
            "values": []
          },
          "yaxes": [
            {
              "format": "short",
              "logBase": 1,
              "show": true
            },
            {
              "format": "short",
              "logBase": 1,
              "show": true
            }
          ],
          "yaxis": {
            "align": false
          }
        },
        {
          "datasource": {
            "uid": "Prometheus"
          },
          "fieldConfig": {
            "defaults": {
              "color": {
                "mode": "thresholds"
              },
              "decimals": 0,
              "mappings": [
                {
                  "options": {
                    "match": "null",
                    "result": {
                      "text": "N/A"
                    }
                  },
                  "type": "special"
                }
              ],
              "thresholds": {
                "mode": "absolute",
                "steps": [
                  {
                    "color": "green"
                  },
                  {
                    "color": "red",
                    "value": 80
                  }
                ]
              },
              "unit": "decbytes"
            },
            "overrides": []
          },
          "gridPos": {
            "h": 7,
            "w": 8,
            "x": 16,
            "y": 9
          },
          "id": 44,
          "links": [],
          "maxDataPoints": 100,
          "options": {
            "colorMode": "none",
            "graphMode": "none",
            "justifyMode": "auto",
            "orientation": "horizontal",
            "reduceOptions": {
              "calcs": [
                "lastNotNull"
              ],
              "fields": "",
              "values": false
            },
            "textMode": "auto"
          },
          "pluginVersion": "9.3.1",
          "targets": [
            {
              "datasource": {
                "uid": "Prometheus"
              },
              "expr": "sum(java_lang_operatingsystem_totalphysicalmemorysize{namespace=\"$namespace\", instance=~\"$broker\"})",
              "format": "time_series",
              "instant": true,
              "intervalFactor": 1,
              "refId": "A"
            }
          ],
          "title": "Total memory",
          "type": "stat"
        },
        {
          "aliasColors": {},
          "bars": false,
          "dashLength": 10,
          "dashes": false,
          "datasource": {
            "uid": "Prometheus"
          },
          "fieldConfig": {
            "defaults": {
              "links": []
            },
            "overrides": []
          },
          "fill": 1,
          "fillGradient": 0,
          "gridPos": {
            "h": 7,
            "w": 8,
            "x": 0,
            "y": 16
          },
          "hiddenSeries": false,
          "id": 50,
          "legend": {
            "avg": false,
            "current": false,
            "max": false,
            "min": false,
            "show": false,
            "total": false,
            "values": false
          },
          "lines": true,
          "linewidth": 1,
          "links": [],
          "nullPointMode": "null",
          "options": {
            "alertThreshold": true
          },
          "percentage": false,
          "pluginVersion": "9.3.1",
          "pointradius": 5,
          "points": false,
          "renderer": "flot",
          "seriesOverrides": [],
          "spaceLength": 10,
          "stack": false,
          "steppedLine": false,
          "targets": [
            {
              "datasource": {
                "uid": "Prometheus"
              },
              "expr": "java_lang_classloading_loadedclasscount{namespace=\"$namespace\", instance=~\"$broker\"}",
              "format": "time_series",
              "interval": "",
              "intervalFactor": 1,
              "legendFormat": "Loaded {{ instance }}",
              "refId": "A"
            },
            {
              "datasource": {
                "uid": "Prometheus"
              },
              "expr": "java_lang_classloading_loadedclasscount_total{namespace=\"$namespace\", instance=~\"$broker\"}",
              "format": "time_series",
              "interval": "",
              "intervalFactor": 1,
              "legendFormat": "Total loaded {{ instance }}",
              "refId": "B"
            },
            {
              "datasource": {
                "uid": "Prometheus"
              },
              "expr": "java_lang_classloading_loadedclasscount_total{namespace=\"$namespace\", instance=~\"$broker\"}",
              "format": "time_series",
              "interval": "",
              "intervalFactor": 1,
              "legendFormat": "Unloaded {{ instance }}",
              "refId": "C"
            },
            {
              "datasource": {
                "uid": "Prometheus"
              },
              "expr": "delta(java_lang_classloading_loadedclasscount{namespace=\"$namespace\", instance=~\"$broker\"}[5m])",
              "format": "time_series",
              "interval": "",
              "intervalFactor": 1,
              "legendFormat": "Delta {{ instance }}",
              "refId": "D"
            }
          ],
          "thresholds": [],
          "timeRegions": [],
          "title": "Class loading",
          "tooltip": {
            "shared": true,
            "sort": 0,
            "value_type": "individual"
          },
          "type": "graph",
          "xaxis": {
            "mode": "time",
            "show": true,
            "values": []
          },
          "yaxes": [
            {
              "format": "short",
              "logBase": 1,
              "show": true
            },
            {
              "format": "short",
              "logBase": 1,
              "show": true
            }
          ],
          "yaxis": {
            "align": false
          }
        },
        {
          "aliasColors": {},
          "bars": false,
          "dashLength": 10,
          "dashes": false,
          "datasource": {
            "uid": "Prometheus"
          },
          "fieldConfig": {
            "defaults": {
              "links": []
            },
            "overrides": []
          },
          "fill": 1,
          "fillGradient": 0,
          "gridPos": {
            "h": 7,
            "w": 8,
            "x": 8,
            "y": 16
          },
          "hiddenSeries": false,
          "id": 52,
          "legend": {
            "avg": false,
            "current": false,
            "max": false,
            "min": false,
            "show": false,
            "total": false,
            "values": false
          },
          "lines": true,
          "linewidth": 2,
          "links": [],
          "nullPointMode": "null",
          "options": {
            "alertThreshold": true
          },
          "percentage": false,
          "pluginVersion": "9.3.1",
          "pointradius": 5,
          "points": false,
          "renderer": "flot",
          "seriesOverrides": [],
          "spaceLength": 10,
          "stack": false,
          "steppedLine": false,
          "targets": [
            {
              "datasource": {
                "uid": "Prometheus"
              },
              "expr": "java_lang_threading_threadcount{namespace=\"$namespace\", instance=~\"$broker\"}",
              "format": "time_series",
              "interval": "",
              "intervalFactor": 1,
              "legendFormat": "Current {{ instance }}",
              "refId": "A"
            },
            {
              "datasource": {
                "uid": "Prometheus"
              },
              "expr": "java_lang_threading_daemonthreadcount{namespace=\"$namespace\", instance=~\"$broker\"}",
              "format": "time_series",
              "interval": "",
              "intervalFactor": 1,
              "legendFormat": "Daemon {{ instance }}",
              "refId": "B"
            },
            {
              "datasource": {
                "uid": "Prometheus"
              },
              "expr": "java_lang_threading_peakthreadcount{namespace=\"$namespace\", instance=~\"$broker\"}",
              "format": "time_series",
              "interval": "",
              "intervalFactor": 1,
              "legendFormat": "Peak {{ instance }}",
              "refId": "D"
            },
            {
              "datasource": {
                "uid": "Prometheus"
              },
              "expr": "java_lang_threading_totalstartedthreadcount{namespace=\"$namespace\", instance=~\"$broker\"}",
              "format": "time_series",
              "interval": "",
              "intervalFactor": 1,
              "legendFormat": "Started total {{ instance }}",
              "refId": "E"
            }
          ],
          "thresholds": [],
          "timeRegions": [],
          "title": "Threads",
          "tooltip": {
            "shared": true,
            "sort": 0,
            "value_type": "individual"
          },
          "type": "graph",
          "xaxis": {
            "mode": "time",
            "show": true,
            "values": []
          },
          "yaxes": [
            {
              "format": "short",
              "logBase": 1,
              "show": true
            },
            {
              "format": "short",
              "logBase": 1,
              "show": true
            }
          ],
          "yaxis": {
            "align": false
          }
        },
        {
          "datasource": {
            "uid": "Prometheus"
          },
          "fieldConfig": {
            "defaults": {
              "color": {
                "mode": "thresholds"
              },
              "mappings": [
                {
                  "options": {
                    "match": "null",
                    "result": {
                      "text": "N/A"
                    }
                  },
                  "type": "special"
                }
              ],
              "thresholds": {
                "mode": "absolute",
                "steps": [
                  {
                    "color": "green"
                  },
                  {
                    "color": "red",
                    "value": 80
                  }
                ]
              },
              "unit": "none"
            },
            "overrides": []
          },
          "gridPos": {
            "h": 7,
            "w": 8,
            "x": 16,
            "y": 16
          },
          "id": 42,
          "links": [],
          "maxDataPoints": 100,
          "options": {
            "colorMode": "none",
            "graphMode": "none",
            "justifyMode": "auto",
            "orientation": "horizontal",
            "reduceOptions": {
              "calcs": [
                "lastNotNull"
              ],
              "fields": "",
              "values": false
            },
            "textMode": "auto"
          },
          "pluginVersion": "9.3.1",
          "targets": [
            {
              "datasource": {
                "uid": "Prometheus"
              },
              "expr": "sum(java_lang_operatingsystem_availableprocessors{namespace=\"$namespace\", instance=~\"$broker\"})",
              "format": "time_series",
              "instant": true,
              "intervalFactor": 1,
              "refId": "A"
            }
          ],
          "title": "Total CPUs",
          "type": "stat"
        }
      ],
      "targets": [
        {
          "datasource": {
            "type": "prometheus",
            "uid": "prometheus"
          },
          "refId": "A"
        }
      ],
      "title": "JVM",
      "type": "row"
    },
    {
      "collapsed": true,
      "datasource": {
        "type": "prometheus",
        "uid": "prometheus"
      },
      "gridPos": {
        "h": 1,
        "w": 24,
        "x": 0,
        "y": 22
      },
      "id": 73,
      "panels": [
        {
          "aliasColors": {},
          "bars": false,
          "dashLength": 10,
          "dashes": false,
          "datasource": {
            "uid": "Prometheus"
          },
          "fieldConfig": {
            "defaults": {
              "links": []
            },
            "overrides": []
          },
          "fill": 1,
          "fillGradient": 0,
          "gridPos": {
            "h": 7,
            "w": 8,
            "x": 0,
            "y": 3
          },
          "hiddenSeries": false,
          "id": 61,
          "legend": {
            "avg": false,
            "current": false,
            "max": false,
            "min": false,
            "show": false,
            "total": false,
            "values": false
          },
          "lines": true,
          "linewidth": 2,
          "links": [],
          "nullPointMode": "null",
          "options": {
            "alertThreshold": true
          },
          "percentage": false,
          "pluginVersion": "9.3.1",
          "pointradius": 5,
          "points": false,
          "renderer": "flot",
          "seriesOverrides": [],
          "spaceLength": 10,
          "stack": false,
          "steppedLine": false,
          "targets": [
            {
              "datasource": {
                "uid": "Prometheus"
              },
              "expr": "kafka_network_requestmetrics_requestspersec_count{namespace=\"$namespace\", instance=~\"$broker\", request=~\"Produce, version=.*\"}",
              "format": "time_series",
              "hide": false,
              "interval": "",
              "intervalFactor": 1,
              "legendFormat": "{{ instance }} produce",
              "refId": "A"
            },
            {
              "datasource": {
                "uid": "Prometheus"
              },
              "expr": "kafka_network_requestmetrics_requestspersec_count{namespace=\"$namespace\", instance=~\"$broker\", request=~\"FetchConsumer, version=.*\"}",
              "format": "time_series",
              "interval": "",
              "intervalFactor": 1,
              "legendFormat": "{{ instance }} fetch consumer",
              "refId": "B"
            },
            {
              "datasource": {
                "uid": "Prometheus"
              },
              "expr": " kafka_network_requestmetrics_requestspersec_count{namespace=\"$namespace\", instance=~\"$broker\", request=~\"FetchFollower, version=.*\"}",
              "format": "time_series",
              "interval": "",
              "intervalFactor": 1,
              "legendFormat": "{{ instance }} fetch follower",
              "refId": "C"
            }
          ],
          "thresholds": [],
          "timeRegions": [],
          "title": "Number of requests",
          "tooltip": {
            "shared": true,
            "sort": 0,
            "value_type": "individual"
          },
          "type": "graph",
          "xaxis": {
            "mode": "time",
            "show": true,
            "values": []
          },
          "yaxes": [
            {
              "format": "reqps",
              "logBase": 1,
              "show": true
            },
            {
              "format": "short",
              "logBase": 1,
              "show": true
            }
          ],
          "yaxis": {
            "align": false
          }
        },
        {
          "aliasColors": {},
          "bars": false,
          "dashLength": 10,
          "dashes": false,
          "datasource": {
            "uid": "Prometheus"
          },
          "fieldConfig": {
            "defaults": {
              "links": []
            },
            "overrides": []
          },
          "fill": 1,
          "fillGradient": 0,
          "gridPos": {
            "h": 7,
            "w": 8,
            "x": 8,
            "y": 3
          },
          "hiddenSeries": false,
          "id": 75,
          "legend": {
            "avg": false,
            "current": false,
            "max": false,
            "min": false,
            "show": false,
            "total": false,
            "values": false
          },
          "lines": true,
          "linewidth": 2,
          "links": [],
          "nullPointMode": "null",
          "options": {
            "alertThreshold": true
          },
          "percentage": false,
          "pluginVersion": "9.3.1",
          "pointradius": 5,
          "points": false,
          "renderer": "flot",
          "seriesOverrides": [],
          "spaceLength": 10,
          "stack": false,
          "steppedLine": false,
          "targets": [
            {
              "datasource": {
                "uid": "Prometheus"
              },
              "expr": "kafka_server_delayedoperationpurgatory_numdelayedoperations_fetch_value{namespace=\"$namespace\", instance=~\"$broker\"}",
              "format": "time_series",
              "intervalFactor": 4,
              "legendFormat": "{{ instance }}",
              "refId": "A"
            }
          ],
          "thresholds": [],
          "timeRegions": [],
          "title": "Purgatory delayed fetch operations",
          "tooltip": {
            "shared": true,
            "sort": 0,
            "value_type": "individual"
          },
          "type": "graph",
          "xaxis": {
            "mode": "time",
            "show": true,
            "values": []
          },
          "yaxes": [
            {
              "format": "short",
              "logBase": 1,
              "show": true
            },
            {
              "format": "short",
              "logBase": 1,
              "show": true
            }
          ],
          "yaxis": {
            "align": false
          }
        },
        {
          "aliasColors": {},
          "bars": false,
          "dashLength": 10,
          "dashes": false,
          "datasource": {
            "uid": "Prometheus"
          },
          "fieldConfig": {
            "defaults": {
              "links": []
            },
            "overrides": []
          },
          "fill": 1,
          "fillGradient": 0,
          "gridPos": {
            "h": 7,
            "w": 8,
            "x": 16,
            "y": 3
          },
          "hiddenSeries": false,
          "id": 71,
          "legend": {
            "avg": false,
            "current": false,
            "max": false,
            "min": false,
            "show": false,
            "total": false,
            "values": false
          },
          "lines": true,
          "linewidth": 2,
          "links": [],
          "nullPointMode": "null",
          "options": {
            "alertThreshold": true
          },
          "percentage": false,
          "pluginVersion": "9.3.1",
          "pointradius": 5,
          "points": false,
          "renderer": "flot",
          "seriesOverrides": [],
          "spaceLength": 10,
          "stack": false,
          "steppedLine": false,
          "targets": [
            {
              "datasource": {
                "uid": "Prometheus"
              },
              "expr": "sum (kafka_log_log_size{namespace=\"$namespace\"}) by(instance)",
              "format": "time_series",
              "intervalFactor": 1,
              "legendFormat": "{{ instance }}",
              "refId": "A"
            }
          ],
          "thresholds": [],
          "timeRegions": [],
          "title": "Log size by broker",
          "tooltip": {
            "shared": true,
            "sort": 0,
            "value_type": "individual"
          },
          "type": "graph",
          "xaxis": {
            "mode": "time",
            "show": true,
            "values": []
          },
          "yaxes": [
            {
              "format": "decbytes",
              "logBase": 1,
              "show": true
            },
            {
              "format": "short",
              "logBase": 1,
              "show": true
            }
          ],
          "yaxis": {
            "align": false
          }
        },
        {
          "aliasColors": {},
          "bars": false,
          "dashLength": 10,
          "dashes": false,
          "datasource": {
            "uid": "Prometheus"
          },
          "fieldConfig": {
            "defaults": {
              "links": []
            },
            "overrides": []
          },
          "fill": 1,
          "fillGradient": 0,
          "gridPos": {
            "h": 7,
            "w": 8,
            "x": 0,
            "y": 10
          },
          "hiddenSeries": false,
          "id": 18,
          "legend": {
            "avg": false,
            "current": false,
            "max": false,
            "min": false,
            "show": false,
            "total": false,
            "values": false
          },
          "lines": true,
          "linewidth": 2,
          "links": [],
          "nullPointMode": "null",
          "options": {
            "alertThreshold": true
          },
          "percentage": false,
          "pluginVersion": "9.3.1",
          "pointradius": 5,
          "points": false,
          "renderer": "flot",
          "seriesOverrides": [],
          "spaceLength": 10,
          "stack": false,
          "steppedLine": false,
          "targets": [
            {
              "datasource": {
                "uid": "Prometheus"
              },
              "expr": "sum(kafka_network_requestmetrics_requestspersec_count{namespace=\"$namespace\", instance=~\"$broker\"}) by (request)",
              "format": "time_series",
              "intervalFactor": 1,
              "legendFormat": "{{ request }}",
              "refId": "A"
            }
          ],
          "thresholds": [],
          "timeRegions": [],
          "title": "All number of requests",
          "tooltip": {
            "shared": true,
            "sort": 0,
            "value_type": "individual"
          },
          "type": "graph",
          "xaxis": {
            "mode": "time",
            "show": true,
            "values": []
          },
          "yaxes": [
            {
              "format": "reqps",
              "logBase": 1,
              "show": true
            },
            {
              "format": "short",
              "logBase": 1,
              "show": true
            }
          ],
          "yaxis": {
            "align": false
          }
        },
        {
          "aliasColors": {},
          "bars": false,
          "dashLength": 10,
          "dashes": false,
          "datasource": {
            "uid": "Prometheus"
          },
          "description": "The average fraction of time the network processors are idle",
          "fieldConfig": {
            "defaults": {
              "links": []
            },
            "overrides": []
          },
          "fill": 0,
          "fillGradient": 0,
          "gridPos": {
            "h": 7,
            "w": 8,
            "x": 8,
            "y": 10
          },
          "hiddenSeries": false,
          "id": 68,
          "legend": {
            "avg": false,
            "current": false,
            "max": false,
            "min": false,
            "show": false,
            "total": false,
            "values": false
          },
          "lines": true,
          "linewidth": 2,
          "links": [],
          "nullPointMode": "null",
          "options": {
            "alertThreshold": true
          },
          "percentage": false,
          "pluginVersion": "9.3.1",
          "pointradius": 5,
          "points": false,
          "renderer": "flot",
          "seriesOverrides": [],
          "spaceLength": 10,
          "stack": false,
          "steppedLine": false,
          "targets": [
            {
              "datasource": {
                "uid": "Prometheus"
              },
              "expr": "kafka_network_processor_idlepercent_value{namespace=\"$namespace\", instance=~\"$broker\"}",
              "format": "time_series",
              "hide": false,
              "instant": false,
              "intervalFactor": 1,
              "legendFormat": "{{ instance }} network processor {{ network_processor }}",
              "refId": "A"
            }
          ],
          "thresholds": [
            {
              "colorMode": "critical",
              "fill": true,
              "line": true,
              "op": "lt",
              "value": 0.3,
              "yaxis": "left"
            }
          ],
          "timeRegions": [],
          "title": "Idle network processors",
          "tooltip": {
            "shared": true,
            "sort": 0,
            "value_type": "individual"
          },
          "type": "graph",
          "xaxis": {
            "mode": "time",
            "show": true,
            "values": []
          },
          "yaxes": [
            {
              "format": "short",
              "logBase": 1,
              "min": "0",
              "show": true
            },
            {
              "format": "short",
              "logBase": 1,
              "show": true
            }
          ],
          "yaxis": {
            "align": true
          }
        },
        {
          "aliasColors": {},
          "bars": false,
          "dashLength": 10,
          "dashes": false,
          "datasource": {
            "uid": "Prometheus"
          },
          "description": "The average fraction of time the request handler threads are idle",
          "fieldConfig": {
            "defaults": {
              "links": []
            },
            "overrides": []
          },
          "fill": 0,
          "fillGradient": 0,
          "gridPos": {
            "h": 7,
            "w": 8,
            "x": 16,
            "y": 10
          },
          "hiddenSeries": false,
          "id": 69,
          "legend": {
            "avg": false,
            "current": false,
            "max": false,
            "min": false,
            "show": false,
            "total": false,
            "values": false
          },
          "lines": true,
          "linewidth": 2,
          "links": [],
          "nullPointMode": "null",
          "options": {
            "alertThreshold": true
          },
          "percentage": false,
          "pluginVersion": "9.3.1",
          "pointradius": 5,
          "points": false,
          "renderer": "flot",
          "seriesOverrides": [],
          "spaceLength": 10,
          "stack": false,
          "steppedLine": false,
          "targets": [
            {
              "datasource": {
                "uid": "Prometheus"
              },
              "expr": "kafka_server_kafkarequesthandlerpool_total_requesthandleravgidlepercent_oneminuterate{namespace=\"$namespace\", instance=~\"$broker\"}",
              "format": "time_series",
              "hide": false,
              "instant": false,
              "intervalFactor": 1,
              "legendFormat": "{{ instance }}",
              "refId": "A"
            }
          ],
          "thresholds": [
            {
              "colorMode": "critical",
              "fill": true,
              "line": true,
              "op": "lt",
              "value": 0.3,
              "yaxis": "left"
            }
          ],
          "timeRegions": [],
          "title": "Idle request handler threads",
          "tooltip": {
            "shared": true,
            "sort": 0,
            "value_type": "individual"
          },
          "type": "graph",
          "xaxis": {
            "mode": "time",
            "show": true,
            "values": []
          },
          "yaxes": [
            {
              "format": "short",
              "logBase": 1,
              "min": "0",
              "show": true
            },
            {
              "format": "short",
              "logBase": 1,
              "show": true
            }
          ],
          "yaxis": {
            "align": true
          }
        }
      ],
      "targets": [
        {
          "datasource": {
            "type": "prometheus",
            "uid": "prometheus"
          },
          "refId": "A"
        }
      ],
      "title": "Details",
      "type": "row"
    }
  ],
  "refresh": "1m",
  "schemaVersion": 37,
  "style": "dark",
    "tags": [
    "Kafka",
    "prereqs"
  ],
  "templating": {
    "list": [
      {
        "current": {
          "selected": false,
          "text": "Prometheus",
          "value": "Prometheus"
        },
        "hide": 0,
        "includeAll": false,
        "multi": false,
        "name": "datasource",
        "options": [],
        "query": "prometheus",
        "queryValue": "",
        "refresh": 1,
        "regex": "",
        "skipUrlSync": false,
        "type": "datasource"
      },
      {
        "current": {
          "selected": false,
          "text": "resiliency-main-20230216115507-prereqs",
          "value": "resiliency-main-20230216115507-prereqs"
        },
        "datasource": {
          "uid": "Prometheus"
        },
        "definition": "label_values(kafka_controller_kafkacontroller_activecontrollercount_value, namespace)",
        "hide": 0,
        "includeAll": true,
        "multi": false,
        "name": "namespace",
        "options": [],
        "query": {
          "query": "label_values(kafka_controller_kafkacontroller_activecontrollercount_value, namespace)",
          "refId": "Prometheus-namespace-Variable-Query"
        },
        "refresh": 2,
        "regex": "",
        "skipUrlSync": false,
        "sort": 1,
        "tagValuesQuery": "",
        "tagsQuery": "",
        "type": "query",
        "useTags": false
      },
      {
        "allValue": ".*:5556$",
        "current": {
          "selected": false,
          "text": "All",
          "value": "$__all"
        },
        "datasource": {
          "uid": "Prometheus"
        },
        "definition": "label_values(kafka_controller_kafkacontroller_activecontrollercount_value{namespace=\"$namespace\"}, instance)",
        "hide": 0,
        "includeAll": true,
        "multi": false,
        "name": "broker",
        "options": [],
        "query": {
          "query": "label_values(kafka_controller_kafkacontroller_activecontrollercount_value{namespace=\"$namespace\"}, instance)",
          "refId": "Prometheus-broker-Variable-Query"
        },
        "refresh": 2,
        "regex": "",
        "skipUrlSync": false,
        "sort": 1,
        "tagValuesQuery": "",
        "tagsQuery": "",
        "type": "query",
        "useTags": false
      }
    ]
  },
  "time": {
    "from": "now-30m",
    "to": "now"
  },
  "timepicker": {
    "refresh_intervals": [
      "5s",
      "10s",
      "30s",
      "1m",
      "5m",
      "15m",
      "30m",
      "1h",
      "2h",
      "1d"
    ],
    "time_options": [
      "5m",
      "15m",
      "1h",
      "6h",
      "12h",
      "24h",
      "2d",
      "7d",
      "30d"
    ]
  },
  "timezone": "browser",
  "title": "Kafka / Prereqs",
  "uid": "EaaS-kafka-prereqs",
  "version": 1
}
