{
  "annotations": {
    "list": [
      {
        "builtIn": 1,
        "datasource": {
          "type": "grafana",
          "uid": "-- Grafana --"
        },
        "enable": true,
        "hide": true,
        "iconColor": "rgba(0, 211, 255, 1)",
        "name": "Annotations & Alerts",
        "type": "dashboard"
      }
    ]
  },
  "editable": true,
  "fiscalYearStartMonth": 0,
  "graphTooltip": 0,
  "id": 39,
  "links": [],
  "liveNow": false,
  "panels": [
    {
      "datasource": {
        "type": "prometheus",
        "uid": "prometheus"
      },
      "gridPos": {
        "h": 12,
        "w": 22,
        "x": 0,
        "y": 0
      },
      "id": 3,
      "options": {
        "code": {
          "language": "plaintext",
          "showLineNumbers": false,
          "showMiniMap": false
        },
        "content": "# Log Volume Dashboard\n\nThis dashboard provides insights into the log volume over time in a given namespace, helping you pinpoint which pods might be having errors and at what capacity.\nAs well as giving you instant access to the logs of a container in that namespace.\n\n## 📋 Instructions\n1. Choose the namespace where your application is deployed from the `namespace` dropdown.\n2. Choose which severity you are looking for from the `severity` dropdown. \n3. Choose which container you would like to see the logs for from the `container` dropdown.\n4. The results can further be narrowed down on the graph by filtering by container, if you would for example like to see where kafka has been erroring, you can click on the `{container = \"kafka\"}` under the graph.\n## 📊 Understanding the Data\n- **Y axis** The Y axis represents the number of log lines per __$interval.\n- **X axis** The X axis represents the time at which the logs were taken.\n\n\n## ⚠️ WARNING\n- This does not replace looking through logs, it is simply here to provide you with a footing to find where errors might be hiding.\n\n",
        "mode": "markdown"
      },
      "pluginVersion": "10.0.3",
      "type": "text"
    },
    {
      "datasource": {
        "type": "loki",
        "uid": "loki"
      },
      "fieldConfig": {
        "defaults": {
          "color": {
            "mode": "palette-classic"
          },
          "custom": {
            "axisCenteredZero": false,
            "axisColorMode": "text",
            "axisLabel": "Log volume (number of lines per second)",
            "axisPlacement": "auto",
            "barAlignment": 0,
            "drawStyle": "bars",
            "fillOpacity": 0,
            "gradientMode": "none",
            "hideFrom": {
              "legend": false,
              "tooltip": false,
              "viz": false
            },
            "lineInterpolation": "linear",
            "lineWidth": 4,
            "pointSize": 5,
            "scaleDistribution": {
              "type": "linear"
            },
            "showPoints": "auto",
            "spanNulls": false,
            "stacking": {
              "group": "A",
              "mode": "normal"
            },
            "thresholdsStyle": {
              "mode": "off"
            }
          },
          "mappings": [
            {
              "options": {
                "DEBUG": {
                  "color": "semi-dark-yellow",
                  "index": 6,
                  "text": "DEBUG"
                },
                "ERROR": {
                  "color": "dark-orange",
                  "index": 3,
                  "text": "ERROR"
                },
                "FATAL": {
                  "color": "dark-red",
                  "index": 2,
                  "text": "FATAL"
                },
                "INFO": {
                  "color": "dark-yellow",
                  "index": 5,
                  "text": "INFO"
                },
                "OFF": {
                  "color": "dark-red",
                  "index": 0,
                  "text": "OFF"
                },
                "TRACE": {
                  "color": "yellow",
                  "index": 6,
                  "text": "TRACE"
                },
                "WARN": {
                  "color": "semi-dark-orange",
                  "index": 4,
                  "text": "WARN"
                }
              },
              "type": "value"
            }
          ],
          "thresholds": {
            "mode": "absolute",
            "steps": [
              {
                "color": "green",
                "value": null
              }
            ]
          }
        },
        "overrides": []
      },
      "gridPos": {
        "h": 17,
        "w": 17,
        "x": 0,
        "y": 12
      },
      "id": 1,
      "options": {
        "legend": {
          "calcs": [],
          "displayMode": "list",
          "placement": "bottom",
          "showLegend": true
        },
        "tooltip": {
          "mode": "single",
          "sort": "none"
        }
      },
      "pluginVersion": "10.0.3",
      "targets": [
        {
          "datasource": {
            "type": "loki",
            "uid": "loki"
          },
          "editorMode": "builder",
          "expr": "sum by(container) (rate({namespace=\"$namespace\", container=~\"$container\"} |~ `$severity` [$__interval]))",
          "queryType": "range",
          "refId": "A"
        }
      ],
      "title": "Volume of logs over time",
      "type": "timeseries"
    },
    {
      "datasource": {
        "type": "loki",
        "uid": "loki"
      },
      "gridPos": {
        "h": 6,
        "w": 17,
        "x": 0,
        "y": 29
      },
      "id": 2,
      "options": {
        "dedupStrategy": "none",
        "enableLogDetails": true,
        "prettifyLogMessage": true,
        "showCommonLabels": false,
        "showLabels": false,
        "showTime": false,
        "sortOrder": "Descending",
        "wrapLogMessage": false
      },
      "targets": [
        {
          "datasource": {
            "type": "loki",
            "uid": "loki"
          },
          "editorMode": "builder",
          "expr": "{namespace=\"$namespace\", container=~\"$container\"} |= ``",
          "queryType": "range",
          "refId": "A"
        }
      ],
      "title": "Container logs",
      "type": "logs"
    }
  ],
  "refresh": "",
  "schemaVersion": 38,
  "style": "dark",
  "tags": [],
  "templating": {
    "list": [
      {
        "current": {
          "selected": false,
          "text": "5432",
          "value": "5432"
        },
        "datasource": {
          "type": "loki",
          "uid": "loki"
        },
        "definition": "",
        "description": "Namespace",
        "hide": 0,
        "includeAll": false,
        "label": "namespace",
        "multi": false,
        "name": "namespace",
        "options": [],
        "query": {
          "label": "namespace",
          "refId": "LokiVariableQueryEditor-VariableQuery",
          "stream": "",
          "type": 1
        },
        "refresh": 1,
        "regex": "",
        "skipUrlSync": false,
        "sort": 0,
        "type": "query"
      },
      {
        "current": {
          "selected": false,
          "text": "FATAL",
          "value": "FATAL"
        },
        "hide": 0,
        "includeAll": false,
        "label": "severity",
        "multi": true,
        "name": "severity",
        "options": [
          {
            "selected": true,
            "text": "FATAL",
            "value": "FATAL"
          },
          {
            "selected": false,
            "text": "ERROR",
            "value": "ERROR"
          },
          {
            "selected": false,
            "text": "WARN",
            "value": "WARN"
          },
          {
            "selected": false,
            "text": "INFO",
            "value": "INFO"
          },
          {
            "selected": false,
            "text": "DEBUG",
            "value": "DEBUG"
          },
          {
            "selected": false,
            "text": "TRACE",
            "value": "TRACE"
          }
        ],
        "query": "FATAL, ERROR, WARN, INFO, DEBUG, TRACE",
        "queryValue": "",
        "skipUrlSync": false,
        "type": "custom"
      },
      {
        "current": {
          "selected": false,
          "text": "All",
          "value": "$__all"
        },
        "datasource": {
          "type": "loki",
          "uid": "loki"
        },
        "definition": "",
        "description": "Container to select for the log view",
        "hide": 0,
        "includeAll": true,
        "label": "container",
        "multi": true,
        "name": "container",
        "options": [],
        "query": {
          "label": "container",
          "refId": "LokiVariableQueryEditor-VariableQuery",
          "stream": "{namespace=~\"$namespace\"}",
          "type": 1
        },
        "refresh": 2,
        "regex": "",
        "skipUrlSync": false,
        "sort": 1,
        "type": "query"
      }
    ]
  },
  "time": {
    "from": "now-1h",
    "to": "now"
  },
  "timepicker": {},
  "timezone": "",
  "title": "Log Volume",
  "uid": "d97c8444-f0e3-452c-b708-e272bb811373",
  "version": 15,
  "weekStart": ""
}
