{
  "annotations": {
    "list": [
      {
        "builtIn": 1,
        "datasource": {
          "type": "grafana",
          "uid": "-- Grafana --"
        },
        "enable": true,
        "hide": true,
        "iconColor": "rgba(0, 211, 255, 1)",
        "name": "Annotations & Alerts",
        "type": "dashboard"
      }
    ]
  },
  "editable": true,
  "fiscalYearStartMonth": 0,
  "graphTooltip": 0,
  "id": 52,
  "links": [],
  "liveNow": false,
  "panels": [
    {
      "collapsed": false,
      "gridPos": {
        "h": 1,
        "w": 24,
        "x": 0,
        "y": 0
      },
      "id": 109,
      "panels": [],
      "title": "Instructions",
      "type": "row"
    },
    {
      "datasource": {
        "type": "prometheus",
        "uid": "prometheus"
      },
      "gridPos": {
        "h": 14,
        "w": 24,
        "x": 0,
        "y": 1
      },
      "id": 110,
      "options": {
        "code": {
          "language": "plaintext",
          "showLineNumbers": false,
          "showMiniMap": false
        },
        "content": "# Observability Dashboard\n\nThis dashboard offers insights into the health of your observability stack, providing an overview of all running observability pods and those that are currently down.\n\n## 📋 Instructions - Identifying Root Issues\n1. Start by examining the observability overview row. The first panel compares Available(running) pods to non Available (non-running) pods.\n2. Identify any non-running pods.\n3. Check the \"Unavailable Pods by Service\" panel to the right of this row and determine which service is experiencing issues.\n4. Navigate to the row corresponding to that service.\n5. Similar to step 1, inspect the \"Unavailable Pods by Service\" panel to the right of that row to pinpoint the problematic component within that service.\n6. Further explore this row to access the logs of the affected service, conveniently located lower in that section.\n\n## 📊 Understanding the Data\n- This dashboard functions as a funnel, guiding you from an overview of the entire cluster to the smallest component running within it.\n- The cluster overview row helps identify all vital running pods, distinguishing between healthy (running) and unhealthy (non-running) states. It also provides information on when these pods ceased running and which service they belong to.\n- Each row displays an overview of the service, listing all the pods comprising that individual service and their respective health statuses.\n- Additionally, container memory, CPU usage, amount of pods deployed per namespace and error message-filtered logs are available to expedite issue identification.\n\n## ⚠️ WARNING\n- The absence of data in the logs panel indicates that no error messages were found.\n- Error messages in logs do not necessarily indicate an unhealthy pod but may signify issues with its primary function, such as Kyverno reporting validation errors.\n",
        "mode": "markdown"
      },
      "pluginVersion": "10.0.3",
      "type": "text"
    },
    {
      "collapsed": false,
      "gridPos": {
        "h": 1,
        "w": 24,
        "x": 0,
        "y": 15
      },
      "id": 108,
      "panels": [],
      "title": "Observability Overview ",
      "type": "row"
    },
    {
      "datasource": {
        "type": "prometheus",
        "uid": "prometheus"
      },
      "fieldConfig": {
        "defaults": {
          "color": {
            "mode": "thresholds"
          },
          "mappings": [],
          "thresholds": {
            "mode": "absolute",
            "steps": [
              {
                "color": "green",
                "value": null
              }
            ]
          }
        },
        "overrides": [
          {
            "matcher": {
              "id": "byName",
              "options": "sum(kube_pod_container_status_waiting{pod=~\"observability-tempo.+|prometheus-observability-prometheus.+|observability-thanos-|observability-grafana.+|observability-loki.+|\"}) OR on() vector(0)"
            },
            "properties": [
              {
                "id": "thresholds",
                "value": {
                  "mode": "absolute",
                  "steps": [
                    {
                      "color": "red",
                      "value": null
                    }
                  ]
                }
              }
            ]
          }
        ]
      },
      "gridPos": {
        "h": 8,
        "w": 24,
        "x": 0,
        "y": 16
      },
      "id": 6,
      "options": {
        "colorMode": "background",
        "graphMode": "area",
        "justifyMode": "auto",
        "orientation": "auto",
        "reduceOptions": {
          "calcs": [
            "lastNotNull"
          ],
          "fields": "",
          "values": false
        },
        "textMode": "value"
      },
      "pluginVersion": "10.0.3",
      "targets": [
        {
          "datasource": {
            "type": "prometheus",
            "uid": "prometheus"
          },
          "editorMode": "code",
          "expr": "sum(kube_deployment_status_replicas_available {deployment=\"observability-grafana\"} OR on() vector(0)\n) + sum(kube_statefulset_status_replicas_available {statefulset=~\"prometheus-observability-prometheus.*\"} OR on() vector(0)\n) + sum(kube_statefulset_status_replicas_available {statefulset=\"observability-loki\"} OR on() vector(0)\n) + sum(kube_statefulset_status_replicas_available {statefulset=\"observability-tempo\"} OR on() vector(0)\n) + sum (kube_statefulset_status_replicas_available {statefulset=\"observability-tempo\"} OR on() vector(0)\n) + sum (kube_statefulset_status_replicas_available {statefulset=\"observability-thanos-storegateway\"} OR on() vector(0)\n) + sum(kube_deployment_status_replicas_available {deployment=\"observability-thanos-query\"} OR on() vector(0)\n) + sum(kube_deployment_status_replicas_available {deployment=~\"observability-thanos-compactor.*\"} OR on() vector(0)\n)",
          "instant": false,
          "range": true,
          "refId": "A"
        },
        {
          "datasource": {
            "type": "prometheus",
            "uid": "prometheus"
          },
          "editorMode": "code",
          "expr": "sum(kube_pod_container_status_waiting{pod=~\"observability-tempo.+|prometheus-observability-prometheus.+|observability-thanos-|observability-grafana.+|observability-loki.+|\"}) OR on() vector(0)",
          "hide": false,
          "instant": false,
          "range": true,
          "refId": "B"
        }
      ],
      "title": "Observability available pods vs non Available pods ",
      "type": "stat"
    },
    {
      "datasource": {
        "type": "prometheus",
        "uid": "prometheus"
      },
      "fieldConfig": {
        "defaults": {
          "color": {
            "mode": "thresholds"
          },
          "mappings": [],
          "thresholds": {
            "mode": "absolute",
            "steps": [
              {
                "color": "green",
                "value": null
              },
              {
                "color": "red",
                "value": 1
              }
            ]
          }
        },
        "overrides": [
          {
            "matcher": {
              "id": "byName",
              "options": "sum(kube_pod_container_status_waiting{pod=~\"observability-grafana.+\"}) OR on() vector(0)"
            },
            "properties": [
              {
                "id": "displayName",
                "value": "Grafana"
              }
            ]
          },
          {
            "matcher": {
              "id": "byName",
              "options": "sum(kube_pod_container_status_waiting{pod=~\"observability-loki.+\"}) OR on() vector(0)"
            },
            "properties": [
              {
                "id": "displayName",
                "value": "Loki"
              }
            ]
          },
          {
            "matcher": {
              "id": "byName",
              "options": "\nsum(kube_pod_container_status_waiting{pod=~\"prometheus-observability-prometheus.+\"}) OR on() vector(0)"
            },
            "properties": [
              {
                "id": "displayName",
                "value": "Prometheus"
              }
            ]
          },
          {
            "matcher": {
              "id": "byName",
              "options": "\nsum(kube_pod_container_status_waiting{pod=~\"observability-tempo.+\"}) OR on() vector(0)"
            },
            "properties": [
              {
                "id": "displayName",
                "value": "Tempo"
              }
            ]
          },
          {
            "matcher": {
              "id": "byName",
              "options": "sum(kube_pod_container_status_waiting{pod=~\"observability-thanos-.+\"}) OR on() vector(0)"
            },
            "properties": [
              {
                "id": "displayName",
                "value": "Thanos"
              }
            ]
          }
        ]
      },
      "gridPos": {
        "h": 6,
        "w": 24,
        "x": 0,
        "y": 24
      },
      "id": 73,
      "options": {
        "orientation": "auto",
        "reduceOptions": {
          "calcs": [
            "lastNotNull"
          ],
          "fields": "",
          "values": false
        },
        "showThresholdLabels": false,
        "showThresholdMarkers": true
      },
      "pluginVersion": "10.0.3",
      "targets": [
        {
          "datasource": {
            "type": "prometheus",
            "uid": "prometheus"
          },
          "editorMode": "code",
          "expr": "sum(kube_pod_container_status_waiting{pod=~\"observability-grafana.+\"}) OR on() vector(0)",
          "instant": false,
          "range": true,
          "refId": "A"
        },
        {
          "datasource": {
            "type": "prometheus",
            "uid": "prometheus"
          },
          "editorMode": "code",
          "expr": "sum(kube_pod_container_status_waiting{pod=~\"observability-loki.+\"}) OR on() vector(0)",
          "hide": false,
          "instant": false,
          "range": true,
          "refId": "B"
        },
        {
          "datasource": {
            "type": "prometheus",
            "uid": "prometheus"
          },
          "editorMode": "code",
          "expr": "\nsum(kube_pod_container_status_waiting{pod=~\"prometheus-observability-prometheus.+\"}) OR on() vector(0)",
          "hide": false,
          "instant": false,
          "range": true,
          "refId": "C"
        },
        {
          "datasource": {
            "type": "prometheus",
            "uid": "prometheus"
          },
          "editorMode": "code",
          "expr": "\nsum(kube_pod_container_status_waiting{pod=~\"observability-tempo.+\"}) OR on() vector(0)",
          "hide": false,
          "instant": false,
          "range": true,
          "refId": "D"
        },
        {
          "datasource": {
            "type": "prometheus",
            "uid": "prometheus"
          },
          "editorMode": "code",
          "expr": "sum(kube_pod_container_status_waiting{pod=~\"observability-thanos-.+\"}) OR on() vector(0)",
          "hide": false,
          "instant": false,
          "range": true,
          "refId": "E"
        }
      ],
      "title": "Observability Unavailable pods by service ",
      "type": "gauge"
    },
    {
      "collapsed": false,
      "gridPos": {
        "h": 1,
        "w": 24,
        "x": 0,
        "y": 30
      },
      "id": 74,
      "panels": [],
      "title": "Prometheus",
      "type": "row"
    },
    {
      "datasource": {
        "type": "loki",
        "uid": "loki"
      },
      "gridPos": {
        "h": 7,
        "w": 24,
        "x": 0,
        "y": 31
      },
      "id": 79,
      "options": {
        "dedupStrategy": "none",
        "enableLogDetails": true,
        "prettifyLogMessage": false,
        "showCommonLabels": false,
        "showLabels": false,
        "showTime": true,
        "sortOrder": "Descending",
        "wrapLogMessage": true
      },
      "targets": [
        {
          "datasource": {
            "type": "loki",
            "uid": "loki"
          },
          "editorMode": "builder",
          "expr": "{pod=~\"prometheus-observability-prometheus.+\"} |= `error`",
          "maxLines": 50,
          "queryType": "range",
          "refId": "A"
        }
      ],
      "title": "Prometheus Error logs",
      "type": "logs"
    },
    {
      "datasource": {
        "type": "prometheus",
        "uid": "prometheus"
      },
      "fieldConfig": {
        "defaults": {
          "color": {
            "mode": "palette-classic"
          },
          "custom": {
            "axisCenteredZero": false,
            "axisColorMode": "text",
            "axisLabel": "",
            "axisPlacement": "auto",
            "barAlignment": 0,
            "drawStyle": "line",
            "fillOpacity": 0,
            "gradientMode": "none",
            "hideFrom": {
              "legend": false,
              "tooltip": false,
              "viz": false
            },
            "lineInterpolation": "linear",
            "lineWidth": 1,
            "pointSize": 5,
            "scaleDistribution": {
              "type": "linear"
            },
            "showPoints": "auto",
            "spanNulls": false,
            "stacking": {
              "group": "A",
              "mode": "none"
            },
            "thresholdsStyle": {
              "mode": "off"
            }
          },
          "mappings": [],
          "thresholds": {
            "mode": "absolute",
            "steps": [
              {
                "color": "green",
                "value": null
              },
              {
                "color": "red",
                "value": 80
              }
            ]
          },
          "unit": "s"
        },
        "overrides": []
      },
      "gridPos": {
        "h": 7,
        "w": 24,
        "x": 0,
        "y": 38
      },
      "id": 99,
      "options": {
        "legend": {
          "calcs": [],
          "displayMode": "list",
          "placement": "bottom",
          "showLegend": true
        },
        "tooltip": {
          "mode": "single",
          "sort": "none"
        }
      },
      "targets": [
        {
          "datasource": {
            "type": "prometheus",
            "uid": "prometheus"
          },
          "editorMode": "code",
          "expr": "sum by(pod, id) (rate(container_cpu_usage_seconds_total{namespace=~\"observability\", container=~\"prometheus\"}[$__rate_interval]))",
          "legendFormat": "__auto",
          "range": true,
          "refId": "A"
        }
      ],
      "title": "Prometheus Container CPU",
      "transformations": [],
      "type": "timeseries"
    },
    {
      "datasource": {
        "type": "prometheus",
        "uid": "prometheus"
      },
      "fieldConfig": {
        "defaults": {
          "color": {
            "mode": "palette-classic"
          },
          "custom": {
            "axisCenteredZero": false,
            "axisColorMode": "text",
            "axisLabel": "",
            "axisPlacement": "auto",
            "barAlignment": 0,
            "drawStyle": "line",
            "fillOpacity": 0,
            "gradientMode": "none",
            "hideFrom": {
              "legend": false,
              "tooltip": false,
              "viz": false
            },
            "lineInterpolation": "linear",
            "lineWidth": 1,
            "pointSize": 5,
            "scaleDistribution": {
              "type": "linear"
            },
            "showPoints": "auto",
            "spanNulls": false,
            "stacking": {
              "group": "A",
              "mode": "none"
            },
            "thresholdsStyle": {
              "mode": "off"
            }
          },
          "mappings": [],
          "thresholds": {
            "mode": "absolute",
            "steps": [
              {
                "color": "green",
                "value": null
              },
              {
                "color": "red",
                "value": 80
              }
            ]
          },
          "unit": "decbytes"
        },
        "overrides": []
      },
      "gridPos": {
        "h": 9,
        "w": 24,
        "x": 0,
        "y": 45
      },
      "id": 71,
      "options": {
        "legend": {
          "calcs": [],
          "displayMode": "list",
          "placement": "bottom",
          "showLegend": true
        },
        "tooltip": {
          "mode": "single",
          "sort": "none"
        }
      },
      "targets": [
        {
          "datasource": {
            "type": "prometheus",
            "uid": "prometheus"
          },
          "editorMode": "code",
          "expr": "sum by(pod, id) (container_memory_usage_bytes{namespace=\"observability\", container=~\"prometheus\"})",
          "legendFormat": "__auto",
          "range": true,
          "refId": "A"
        }
      ],
      "title": "Container Memory",
      "type": "timeseries"
    },
    {
      "datasource": {
        "type": "prometheus",
        "uid": "prometheus"
      },
      "fieldConfig": {
        "defaults": {
          "color": {
            "mode": "palette-classic"
          },
          "custom": {
            "axisCenteredZero": false,
            "axisColorMode": "text",
            "axisLabel": "",
            "axisPlacement": "auto",
            "barAlignment": 0,
            "drawStyle": "line",
            "fillOpacity": 0,
            "gradientMode": "none",
            "hideFrom": {
              "legend": false,
              "tooltip": false,
              "viz": false
            },
            "lineInterpolation": "linear",
            "lineWidth": 1,
            "pointSize": 5,
            "scaleDistribution": {
              "type": "linear"
            },
            "showPoints": "auto",
            "spanNulls": false,
            "stacking": {
              "group": "A",
              "mode": "none"
            },
            "thresholdsStyle": {
              "mode": "off"
            }
          },
          "mappings": [],
          "thresholds": {
            "mode": "absolute",
            "steps": [
              {
                "color": "green",
                "value": null
              },
              {
                "color": "red",
                "value": 80
              }
            ]
          }
        },
        "overrides": [
          {
            "matcher": {
              "id": "byName",
              "options": "sum(kube_pod_container_status_waiting{pod=~\".*observability.*\"}) OR on() vector(0)\n"
            },
            "properties": [
              {
                "id": "displayName",
                "value": "Observability"
              }
            ]
          },
          {
            "__systemRef": "hideSeriesFrom",
            "matcher": {
              "id": "byNames",
              "options": {
                "mode": "exclude",
                "names": [
                  "kube_pod_container_status_waiting{container=\"prometheus\", endpoint=\"http\", instance=\"10.8.116.79:8080\", job=\"kube-state-metrics\", namespace=\"observability\", pod=\"prometheus-observability-prometheus-shard-2-1\", prometheus=\"observability/observability-prometheus\", service=\"observability-kube-state-metrics\", uid=\"d338899b-6888-4b11-9841-e4afdb90acf7\"}"
                ],
                "prefix": "All except:",
                "readOnly": true
              }
            },
            "properties": [
              {
                "id": "custom.hideFrom",
                "value": {
                  "legend": false,
                  "tooltip": false,
                  "viz": true
                }
              }
            ]
          }
        ]
      },
      "gridPos": {
        "h": 8,
        "w": 12,
        "x": 0,
        "y": 54
      },
      "id": 8,
      "options": {
        "legend": {
          "calcs": [],
          "displayMode": "list",
          "placement": "bottom",
          "showLegend": true
        },
        "tooltip": {
          "mode": "single",
          "sort": "none"
        }
      },
      "targets": [
        {
          "datasource": {
            "type": "prometheus",
            "uid": "prometheus"
          },
          "editorMode": "code",
          "expr": "kube_pod_container_status_waiting{pod=~\"prometheus-observability-prometheus.*\"} OR on() vector(0)\n",
          "instant": false,
          "range": true,
          "refId": "A"
        }
      ],
      "title": "Prometheus unavailable containers ",
      "type": "timeseries"
    },
    {
      "datasource": {
        "type": "prometheus",
        "uid": "prometheus"
      },
      "fieldConfig": {
        "defaults": {
          "color": {
            "mode": "palette-classic"
          },
          "custom": {
            "axisCenteredZero": false,
            "axisColorMode": "text",
            "axisLabel": "",
            "axisPlacement": "auto",
            "barAlignment": 0,
            "drawStyle": "line",
            "fillOpacity": 0,
            "gradientMode": "none",
            "hideFrom": {
              "legend": false,
              "tooltip": false,
              "viz": false
            },
            "lineInterpolation": "linear",
            "lineWidth": 1,
            "pointSize": 5,
            "scaleDistribution": {
              "type": "linear"
            },
            "showPoints": "auto",
            "spanNulls": false,
            "stacking": {
              "group": "A",
              "mode": "none"
            },
            "thresholdsStyle": {
              "mode": "off"
            }
          },
          "mappings": [],
          "thresholds": {
            "mode": "absolute",
            "steps": [
              {
                "color": "green",
                "value": null
              },
              {
                "color": "red",
                "value": 80
              }
            ]
          }
        },
        "overrides": [
          {
            "matcher": {
              "id": "byName",
              "options": "sum(count(kube_namespace_created{namespace!~\"kube-node-lease|kyverno|kube-system|kube-public|cert-manager|datalore|observability|flux-system|crossplane-system|metrics-server|ingress-nginx|crossplane-system|default|external-dns\"}) by (namespace))"
            },
            "properties": [
              {
                "id": "displayName",
                "value": "Total"
              }
            ]
          }
        ]
      },
      "gridPos": {
        "h": 8,
        "w": 12,
        "x": 12,
        "y": 54
      },
      "id": 72,
      "options": {
        "legend": {
          "calcs": [],
          "displayMode": "list",
          "placement": "bottom",
          "showLegend": true
        },
        "tooltip": {
          "mode": "single",
          "sort": "none"
        }
      },
      "pluginVersion": "10.0.3",
      "targets": [
        {
          "datasource": {
            "type": "prometheus",
            "uid": "prometheus"
          },
          "editorMode": "code",
          "expr": "(count(kube_pod_status_ready{namespace!~\"kube-node-lease|kyverno|kube-system|kube-public|cert-manager|datalore|observability|flux-system|crossplane-system|metrics-server|ingress-nginx|crossplane-system|default|external-dns\"}) by (namespace)) / 3",
          "hide": false,
          "instant": false,
          "range": true,
          "refId": "C"
        }
      ],
      "title": "Namespaces ",
      "type": "timeseries"
    },
    {
      "collapsed": true,
      "gridPos": {
        "h": 1,
        "w": 24,
        "x": 0,
        "y": 62
      },
      "id": 76,
      "panels": [
        {
          "datasource": {
            "type": "loki",
            "uid": "loki"
          },
          "gridPos": {
            "h": 8,
            "w": 24,
            "x": 0,
            "y": 55
          },
          "id": 97,
          "options": {
            "dedupStrategy": "none",
            "enableLogDetails": true,
            "prettifyLogMessage": false,
            "showCommonLabels": false,
            "showLabels": false,
            "showTime": true,
            "sortOrder": "Descending",
            "wrapLogMessage": true
          },
          "targets": [
            {
              "datasource": {
                "type": "loki",
                "uid": "loki"
              },
              "editorMode": "code",
              "expr": "{pod=~\"observability-grafana.*\"} |= `error`",
              "maxLines": 50,
              "queryType": "range",
              "refId": "A"
            }
          ],
          "title": "Grafana Error logs",
          "type": "logs"
        },
        {
          "datasource": {
            "type": "prometheus",
            "uid": "prometheus"
          },
          "fieldConfig": {
            "defaults": {
              "color": {
                "mode": "palette-classic"
              },
              "custom": {
                "axisCenteredZero": false,
                "axisColorMode": "text",
                "axisLabel": "",
                "axisPlacement": "auto",
                "barAlignment": 0,
                "drawStyle": "line",
                "fillOpacity": 0,
                "gradientMode": "none",
                "hideFrom": {
                  "legend": false,
                  "tooltip": false,
                  "viz": false
                },
                "lineInterpolation": "linear",
                "lineWidth": 1,
                "pointSize": 5,
                "scaleDistribution": {
                  "type": "linear"
                },
                "showPoints": "auto",
                "spanNulls": false,
                "stacking": {
                  "group": "A",
                  "mode": "none"
                },
                "thresholdsStyle": {
                  "mode": "off"
                }
              },
              "mappings": [],
              "thresholds": {
                "mode": "absolute",
                "steps": [
                  {
                    "color": "green"
                  },
                  {
                    "color": "red",
                    "value": 80
                  }
                ]
              },
              "unit": "s"
            },
            "overrides": []
          },
          "gridPos": {
            "h": 7,
            "w": 24,
            "x": 0,
            "y": 63
          },
          "id": 100,
          "options": {
            "legend": {
              "calcs": [],
              "displayMode": "list",
              "placement": "bottom",
              "showLegend": true
            },
            "tooltip": {
              "mode": "single",
              "sort": "none"
            }
          },
          "targets": [
            {
              "datasource": {
                "type": "prometheus",
                "uid": "prometheus"
              },
              "editorMode": "code",
              "expr": "sum by(pod, id) (rate(container_cpu_usage_seconds_total{namespace=~\"observability\", container=~\"grafana\"}[$__rate_interval]))",
              "legendFormat": "__auto",
              "range": true,
              "refId": "A"
            }
          ],
          "title": "Grafana Container CPU",
          "transformations": [],
          "type": "timeseries"
        },
        {
          "datasource": {
            "type": "prometheus",
            "uid": "prometheus"
          },
          "fieldConfig": {
            "defaults": {
              "color": {
                "mode": "palette-classic"
              },
              "custom": {
                "axisCenteredZero": false,
                "axisColorMode": "text",
                "axisLabel": "",
                "axisPlacement": "auto",
                "barAlignment": 0,
                "drawStyle": "line",
                "fillOpacity": 0,
                "gradientMode": "none",
                "hideFrom": {
                  "legend": false,
                  "tooltip": false,
                  "viz": false
                },
                "lineInterpolation": "linear",
                "lineWidth": 1,
                "pointSize": 5,
                "scaleDistribution": {
                  "type": "linear"
                },
                "showPoints": "auto",
                "spanNulls": false,
                "stacking": {
                  "group": "A",
                  "mode": "none"
                },
                "thresholdsStyle": {
                  "mode": "off"
                }
              },
              "mappings": [],
              "thresholds": {
                "mode": "absolute",
                "steps": [
                  {
                    "color": "green"
                  },
                  {
                    "color": "red",
                    "value": 80
                  }
                ]
              },
              "unit": "decbytes"
            },
            "overrides": []
          },
          "gridPos": {
            "h": 9,
            "w": 24,
            "x": 0,
            "y": 70
          },
          "id": 86,
          "options": {
            "legend": {
              "calcs": [],
              "displayMode": "list",
              "placement": "bottom",
              "showLegend": true
            },
            "tooltip": {
              "mode": "single",
              "sort": "none"
            }
          },
          "targets": [
            {
              "datasource": {
                "type": "prometheus",
                "uid": "prometheus"
              },
              "editorMode": "code",
              "expr": "sum by(pod, id) (container_memory_usage_bytes{namespace=\"observability\", container=~\"grafana\"})",
              "legendFormat": "__auto",
              "range": true,
              "refId": "A"
            }
          ],
          "title": "Grafana pods Memory",
          "type": "timeseries"
        },
        {
          "datasource": {
            "type": "prometheus",
            "uid": "prometheus"
          },
          "fieldConfig": {
            "defaults": {
              "color": {
                "mode": "palette-classic"
              },
              "custom": {
                "axisCenteredZero": false,
                "axisColorMode": "text",
                "axisLabel": "",
                "axisPlacement": "auto",
                "barAlignment": 0,
                "drawStyle": "line",
                "fillOpacity": 0,
                "gradientMode": "none",
                "hideFrom": {
                  "legend": false,
                  "tooltip": false,
                  "viz": false
                },
                "lineInterpolation": "linear",
                "lineWidth": 1,
                "pointSize": 5,
                "scaleDistribution": {
                  "type": "linear"
                },
                "showPoints": "auto",
                "spanNulls": false,
                "stacking": {
                  "group": "A",
                  "mode": "none"
                },
                "thresholdsStyle": {
                  "mode": "off"
                }
              },
              "mappings": [],
              "thresholds": {
                "mode": "absolute",
                "steps": [
                  {
                    "color": "green"
                  },
                  {
                    "color": "red",
                    "value": 80
                  }
                ]
              }
            },
            "overrides": [
              {
                "matcher": {
                  "id": "byName",
                  "options": "sum(kube_pod_container_status_waiting{pod=~\".*observability.*\"}) OR on() vector(0)\n"
                },
                "properties": [
                  {
                    "id": "displayName",
                    "value": "Observability"
                  }
                ]
              }
            ]
          },
          "gridPos": {
            "h": 8,
            "w": 12,
            "x": 0,
            "y": 79
          },
          "id": 91,
          "options": {
            "legend": {
              "calcs": [],
              "displayMode": "list",
              "placement": "bottom",
              "showLegend": true
            },
            "tooltip": {
              "mode": "single",
              "sort": "none"
            }
          },
          "targets": [
            {
              "datasource": {
                "type": "prometheus",
                "uid": "prometheus"
              },
              "editorMode": "code",
              "expr": "kube_pod_container_status_waiting{pod=~\"observability-grafana.*\"} OR on() vector(0)\n",
              "instant": false,
              "range": true,
              "refId": "A"
            }
          ],
          "title": "Grafana Unavailable containers ",
          "type": "timeseries"
        },
        {
          "datasource": {
            "type": "prometheus",
            "uid": "prometheus"
          },
          "fieldConfig": {
            "defaults": {
              "color": {
                "mode": "palette-classic"
              },
              "custom": {
                "axisCenteredZero": false,
                "axisColorMode": "text",
                "axisLabel": "",
                "axisPlacement": "auto",
                "barAlignment": 0,
                "drawStyle": "line",
                "fillOpacity": 0,
                "gradientMode": "none",
                "hideFrom": {
                  "legend": false,
                  "tooltip": false,
                  "viz": false
                },
                "lineInterpolation": "linear",
                "lineWidth": 1,
                "pointSize": 5,
                "scaleDistribution": {
                  "type": "linear"
                },
                "showPoints": "auto",
                "spanNulls": false,
                "stacking": {
                  "group": "A",
                  "mode": "none"
                },
                "thresholdsStyle": {
                  "mode": "off"
                }
              },
              "mappings": [],
              "thresholds": {
                "mode": "absolute",
                "steps": [
                  {
                    "color": "green"
                  },
                  {
                    "color": "red",
                    "value": 80
                  }
                ]
              }
            },
            "overrides": [
              {
                "matcher": {
                  "id": "byName",
                  "options": "sum(count(kube_namespace_created{namespace!~\"kube-node-lease|kyverno|kube-system|kube-public|cert-manager|datalore|observability|flux-system|crossplane-system|metrics-server|ingress-nginx|crossplane-system|default|external-dns\"}) by (namespace))"
                },
                "properties": [
                  {
                    "id": "displayName",
                    "value": "Total"
                  }
                ]
              }
            ]
          },
          "gridPos": {
            "h": 8,
            "w": 12,
            "x": 12,
            "y": 79
          },
          "id": 102,
          "options": {
            "legend": {
              "calcs": [],
              "displayMode": "list",
              "placement": "bottom",
              "showLegend": true
            },
            "tooltip": {
              "mode": "single",
              "sort": "none"
            }
          },
          "pluginVersion": "10.0.3",
          "targets": [
            {
              "datasource": {
                "type": "prometheus",
                "uid": "prometheus"
              },
              "editorMode": "code",
              "expr": "(count(kube_pod_status_ready{namespace!~\"kube-node-lease|kyverno|kube-system|kube-public|cert-manager|datalore|observability|flux-system|crossplane-system|metrics-server|ingress-nginx|crossplane-system|default|external-dns\"}) by (namespace)) / 3",
              "hide": false,
              "instant": false,
              "range": true,
              "refId": "C"
            }
          ],
          "title": "Namespaces ",
          "type": "timeseries"
        }
      ],
      "title": "Grafana",
      "type": "row"
    },
    {
      "collapsed": true,
      "gridPos": {
        "h": 1,
        "w": 24,
        "x": 0,
        "y": 63
      },
      "id": 77,
      "panels": [
        {
          "datasource": {
            "type": "loki",
            "uid": "loki"
          },
          "gridPos": {
            "h": 7,
            "w": 24,
            "x": 0,
            "y": 56
          },
          "id": 95,
          "options": {
            "dedupStrategy": "none",
            "enableLogDetails": true,
            "prettifyLogMessage": false,
            "showCommonLabels": false,
            "showLabels": false,
            "showTime": true,
            "sortOrder": "Descending",
            "wrapLogMessage": true
          },
          "targets": [
            {
              "datasource": {
                "type": "loki",
                "uid": "loki"
              },
              "editorMode": "code",
              "expr": "{pod=~\"observability-thanos-compactor.+\"} |= `error`",
              "maxLines": 50,
              "queryType": "range",
              "refId": "A"
            }
          ],
          "title": "Thanos compactor Error logs",
          "type": "logs"
        },
        {
          "datasource": {
            "type": "loki",
            "uid": "loki"
          },
          "gridPos": {
            "h": 7,
            "w": 12,
            "x": 0,
            "y": 63
          },
          "id": 96,
          "options": {
            "dedupStrategy": "none",
            "enableLogDetails": true,
            "prettifyLogMessage": false,
            "showCommonLabels": false,
            "showLabels": false,
            "showTime": true,
            "sortOrder": "Descending",
            "wrapLogMessage": true
          },
          "targets": [
            {
              "datasource": {
                "type": "loki",
                "uid": "loki"
              },
              "editorMode": "code",
              "expr": "{pod=~\"observability-thanos-storegateway.+\"} |= `error`",
              "maxLines": 50,
              "queryType": "range",
              "refId": "A"
            }
          ],
          "title": "Thanos Storegateway Error logs",
          "type": "logs"
        },
        {
          "datasource": {
            "type": "loki",
            "uid": "loki"
          },
          "gridPos": {
            "h": 7,
            "w": 12,
            "x": 12,
            "y": 63
          },
          "id": 94,
          "options": {
            "dedupStrategy": "none",
            "enableLogDetails": true,
            "prettifyLogMessage": false,
            "showCommonLabels": false,
            "showLabels": false,
            "showTime": true,
            "sortOrder": "Descending",
            "wrapLogMessage": true
          },
          "targets": [
            {
              "datasource": {
                "type": "loki",
                "uid": "loki"
              },
              "editorMode": "code",
              "expr": "{pod=~\" observability-thanos-query.+\"} |= `error`",
              "maxLines": 50,
              "queryType": "range",
              "refId": "A"
            }
          ],
          "title": "Thanos Query Error logs",
          "type": "logs"
        },
        {
          "datasource": {
            "type": "prometheus",
            "uid": "prometheus"
          },
          "fieldConfig": {
            "defaults": {
              "color": {
                "mode": "palette-classic"
              },
              "custom": {
                "axisCenteredZero": false,
                "axisColorMode": "text",
                "axisLabel": "",
                "axisPlacement": "auto",
                "barAlignment": 0,
                "drawStyle": "line",
                "fillOpacity": 0,
                "gradientMode": "none",
                "hideFrom": {
                  "legend": false,
                  "tooltip": false,
                  "viz": false
                },
                "lineInterpolation": "linear",
                "lineWidth": 1,
                "pointSize": 5,
                "scaleDistribution": {
                  "type": "linear"
                },
                "showPoints": "auto",
                "spanNulls": false,
                "stacking": {
                  "group": "A",
                  "mode": "none"
                },
                "thresholdsStyle": {
                  "mode": "off"
                }
              },
              "mappings": [],
              "thresholds": {
                "mode": "absolute",
                "steps": [
                  {
                    "color": "green"
                  },
                  {
                    "color": "red",
                    "value": 80
                  }
                ]
              },
              "unit": "s"
            },
            "overrides": []
          },
          "gridPos": {
            "h": 7,
            "w": 24,
            "x": 0,
            "y": 70
          },
          "id": 103,
          "options": {
            "legend": {
              "calcs": [],
              "displayMode": "list",
              "placement": "bottom",
              "showLegend": true
            },
            "tooltip": {
              "mode": "single",
              "sort": "none"
            }
          },
          "targets": [
            {
              "datasource": {
                "type": "prometheus",
                "uid": "prometheus"
              },
              "editorMode": "code",
              "expr": "sum by(pod, id) (rate(container_cpu_usage_seconds_total{namespace=~\"observability\", container=~\"query|query-frontend|storegateway|thanos-sidecar\"}[$__rate_interval]))",
              "legendFormat": "__auto",
              "range": true,
              "refId": "A"
            }
          ],
          "title": "Thanos Container CPU",
          "transformations": [],
          "type": "timeseries"
        },
        {
          "datasource": {
            "type": "prometheus",
            "uid": "prometheus"
          },
          "fieldConfig": {
            "defaults": {
              "color": {
                "mode": "palette-classic"
              },
              "custom": {
                "axisCenteredZero": false,
                "axisColorMode": "text",
                "axisLabel": "",
                "axisPlacement": "auto",
                "barAlignment": 0,
                "drawStyle": "line",
                "fillOpacity": 0,
                "gradientMode": "none",
                "hideFrom": {
                  "legend": false,
                  "tooltip": false,
                  "viz": false
                },
                "lineInterpolation": "linear",
                "lineWidth": 1,
                "pointSize": 5,
                "scaleDistribution": {
                  "type": "linear"
                },
                "showPoints": "auto",
                "spanNulls": false,
                "stacking": {
                  "group": "A",
                  "mode": "none"
                },
                "thresholdsStyle": {
                  "mode": "off"
                }
              },
              "mappings": [],
              "thresholds": {
                "mode": "absolute",
                "steps": [
                  {
                    "color": "green"
                  },
                  {
                    "color": "red",
                    "value": 80
                  }
                ]
              },
              "unit": "decbytes"
            },
            "overrides": []
          },
          "gridPos": {
            "h": 9,
            "w": 24,
            "x": 0,
            "y": 77
          },
          "id": 85,
          "options": {
            "legend": {
              "calcs": [],
              "displayMode": "list",
              "placement": "bottom",
              "showLegend": true
            },
            "tooltip": {
              "mode": "single",
              "sort": "none"
            }
          },
          "targets": [
            {
              "datasource": {
                "type": "prometheus",
                "uid": "prometheus"
              },
              "editorMode": "code",
              "expr": "sum by(pod, id) (container_memory_usage_bytes{namespace=\"observability\", container=~\"compactor|query|query-frontend|thanos-sidecar\"})",
              "legendFormat": "__auto",
              "range": true,
              "refId": "A"
            }
          ],
          "title": "Thanos pods Memory",
          "type": "timeseries"
        },
        {
          "datasource": {
            "type": "prometheus",
            "uid": "prometheus"
          },
          "fieldConfig": {
            "defaults": {
              "color": {
                "mode": "palette-classic"
              },
              "custom": {
                "axisCenteredZero": false,
                "axisColorMode": "text",
                "axisLabel": "",
                "axisPlacement": "auto",
                "barAlignment": 0,
                "drawStyle": "line",
                "fillOpacity": 0,
                "gradientMode": "none",
                "hideFrom": {
                  "legend": false,
                  "tooltip": false,
                  "viz": false
                },
                "lineInterpolation": "linear",
                "lineWidth": 1,
                "pointSize": 5,
                "scaleDistribution": {
                  "type": "linear"
                },
                "showPoints": "auto",
                "spanNulls": false,
                "stacking": {
                  "group": "A",
                  "mode": "none"
                },
                "thresholdsStyle": {
                  "mode": "off"
                }
              },
              "mappings": [],
              "thresholds": {
                "mode": "absolute",
                "steps": [
                  {
                    "color": "green"
                  },
                  {
                    "color": "red",
                    "value": 80
                  }
                ]
              }
            },
            "overrides": [
              {
                "matcher": {
                  "id": "byName",
                  "options": "sum(kube_pod_container_status_waiting{pod=~\".*observability.*\"}) OR on() vector(0)\n"
                },
                "properties": [
                  {
                    "id": "displayName",
                    "value": "Observability"
                  }
                ]
              }
            ]
          },
          "gridPos": {
            "h": 8,
            "w": 12,
            "x": 0,
            "y": 86
          },
          "id": 90,
          "options": {
            "legend": {
              "calcs": [],
              "displayMode": "list",
              "placement": "bottom",
              "showLegend": true
            },
            "tooltip": {
              "mode": "single",
              "sort": "none"
            }
          },
          "targets": [
            {
              "datasource": {
                "type": "prometheus",
                "uid": "prometheus"
              },
              "editorMode": "code",
              "expr": "kube_pod_container_status_waiting{pod=~\"observability-thanos.*\"} OR on() vector(0)\n",
              "instant": false,
              "range": true,
              "refId": "A"
            }
          ],
          "title": "Thanos Unavailable containers ",
          "type": "timeseries"
        },
        {
          "datasource": {
            "type": "prometheus",
            "uid": "prometheus"
          },
          "fieldConfig": {
            "defaults": {
              "color": {
                "mode": "palette-classic"
              },
              "custom": {
                "axisCenteredZero": false,
                "axisColorMode": "text",
                "axisLabel": "",
                "axisPlacement": "auto",
                "barAlignment": 0,
                "drawStyle": "line",
                "fillOpacity": 0,
                "gradientMode": "none",
                "hideFrom": {
                  "legend": false,
                  "tooltip": false,
                  "viz": false
                },
                "lineInterpolation": "linear",
                "lineWidth": 1,
                "pointSize": 5,
                "scaleDistribution": {
                  "type": "linear"
                },
                "showPoints": "auto",
                "spanNulls": false,
                "stacking": {
                  "group": "A",
                  "mode": "none"
                },
                "thresholdsStyle": {
                  "mode": "off"
                }
              },
              "mappings": [],
              "thresholds": {
                "mode": "absolute",
                "steps": [
                  {
                    "color": "green"
                  },
                  {
                    "color": "red",
                    "value": 80
                  }
                ]
              }
            },
            "overrides": [
              {
                "matcher": {
                  "id": "byName",
                  "options": "sum(count(kube_namespace_created{namespace!~\"kube-node-lease|kyverno|kube-system|kube-public|cert-manager|datalore|observability|flux-system|crossplane-system|metrics-server|ingress-nginx|crossplane-system|default|external-dns\"}) by (namespace))"
                },
                "properties": [
                  {
                    "id": "displayName",
                    "value": "Total"
                  }
                ]
              }
            ]
          },
          "gridPos": {
            "h": 8,
            "w": 12,
            "x": 12,
            "y": 86
          },
          "id": 101,
          "options": {
            "legend": {
              "calcs": [],
              "displayMode": "list",
              "placement": "bottom",
              "showLegend": true
            },
            "tooltip": {
              "mode": "single",
              "sort": "none"
            }
          },
          "pluginVersion": "10.0.3",
          "targets": [
            {
              "datasource": {
                "type": "prometheus",
                "uid": "prometheus"
              },
              "editorMode": "code",
              "expr": "(count(kube_pod_status_ready{namespace!~\"kube-node-lease|kyverno|kube-system|kube-public|cert-manager|datalore|observability|flux-system|crossplane-system|metrics-server|ingress-nginx|crossplane-system|default|external-dns\"}) by (namespace)) / 3",
              "hide": false,
              "instant": false,
              "range": true,
              "refId": "C"
            }
          ],
          "title": "Namespaces ",
          "type": "timeseries"
        }
      ],
      "title": "Thanos",
      "type": "row"
    },
    {
      "collapsed": true,
      "gridPos": {
        "h": 1,
        "w": 24,
        "x": 0,
        "y": 64
      },
      "id": 78,
      "panels": [
        {
          "datasource": {
            "type": "loki",
            "uid": "loki"
          },
          "gridPos": {
            "h": 7,
            "w": 24,
            "x": 0,
            "y": 57
          },
          "id": 93,
          "options": {
            "dedupStrategy": "none",
            "enableLogDetails": true,
            "prettifyLogMessage": false,
            "showCommonLabels": false,
            "showLabels": false,
            "showTime": true,
            "sortOrder": "Descending",
            "wrapLogMessage": true
          },
          "targets": [
            {
              "datasource": {
                "type": "loki",
                "uid": "loki"
              },
              "editorMode": "code",
              "expr": "{pod=~\"observability-tempo.+\"} |= `error`",
              "maxLines": 50,
              "queryType": "range",
              "refId": "A"
            }
          ],
          "title": "Tempo Error logs",
          "type": "logs"
        },
        {
          "datasource": {
            "type": "prometheus",
            "uid": "prometheus"
          },
          "fieldConfig": {
            "defaults": {
              "color": {
                "mode": "palette-classic"
              },
              "custom": {
                "axisCenteredZero": false,
                "axisColorMode": "text",
                "axisLabel": "",
                "axisPlacement": "auto",
                "barAlignment": 0,
                "drawStyle": "line",
                "fillOpacity": 0,
                "gradientMode": "none",
                "hideFrom": {
                  "legend": false,
                  "tooltip": false,
                  "viz": false
                },
                "lineInterpolation": "linear",
                "lineWidth": 1,
                "pointSize": 5,
                "scaleDistribution": {
                  "type": "linear"
                },
                "showPoints": "auto",
                "spanNulls": false,
                "stacking": {
                  "group": "A",
                  "mode": "none"
                },
                "thresholdsStyle": {
                  "mode": "off"
                }
              },
              "mappings": [],
              "thresholds": {
                "mode": "absolute",
                "steps": [
                  {
                    "color": "green"
                  },
                  {
                    "color": "red",
                    "value": 80
                  }
                ]
              },
              "unit": "s"
            },
            "overrides": []
          },
          "gridPos": {
            "h": 7,
            "w": 24,
            "x": 0,
            "y": 64
          },
          "id": 105,
          "options": {
            "legend": {
              "calcs": [],
              "displayMode": "list",
              "placement": "bottom",
              "showLegend": true
            },
            "tooltip": {
              "mode": "single",
              "sort": "none"
            }
          },
          "targets": [
            {
              "datasource": {
                "type": "prometheus",
                "uid": "prometheus"
              },
              "editorMode": "code",
              "expr": "sum by(pod, id) (rate(container_cpu_usage_seconds_total{namespace=~\"observability\", container=~\"tempo\"}[$__rate_interval]))",
              "legendFormat": "__auto",
              "range": true,
              "refId": "A"
            }
          ],
          "title": "Tempo Container CPU",
          "transformations": [],
          "type": "timeseries"
        },
        {
          "datasource": {
            "type": "prometheus",
            "uid": "prometheus"
          },
          "fieldConfig": {
            "defaults": {
              "color": {
                "mode": "palette-classic"
              },
              "custom": {
                "axisCenteredZero": false,
                "axisColorMode": "text",
                "axisLabel": "",
                "axisPlacement": "auto",
                "barAlignment": 0,
                "drawStyle": "line",
                "fillOpacity": 0,
                "gradientMode": "none",
                "hideFrom": {
                  "legend": false,
                  "tooltip": false,
                  "viz": false
                },
                "lineInterpolation": "linear",
                "lineWidth": 1,
                "pointSize": 5,
                "scaleDistribution": {
                  "type": "linear"
                },
                "showPoints": "auto",
                "spanNulls": false,
                "stacking": {
                  "group": "A",
                  "mode": "none"
                },
                "thresholdsStyle": {
                  "mode": "off"
                }
              },
              "mappings": [],
              "thresholds": {
                "mode": "absolute",
                "steps": [
                  {
                    "color": "green"
                  },
                  {
                    "color": "red",
                    "value": 80
                  }
                ]
              },
              "unit": "decbytes"
            },
            "overrides": []
          },
          "gridPos": {
            "h": 9,
            "w": 24,
            "x": 0,
            "y": 71
          },
          "id": 84,
          "options": {
            "legend": {
              "calcs": [],
              "displayMode": "list",
              "placement": "bottom",
              "showLegend": true
            },
            "tooltip": {
              "mode": "single",
              "sort": "none"
            }
          },
          "targets": [
            {
              "datasource": {
                "type": "prometheus",
                "uid": "prometheus"
              },
              "editorMode": "code",
              "expr": "sum by(pod, id) (container_memory_usage_bytes{namespace=\"observability\", container=~\"tempo\"})",
              "legendFormat": "__auto",
              "range": true,
              "refId": "A"
            }
          ],
          "title": "Tempo pods Memory",
          "type": "timeseries"
        },
        {
          "datasource": {
            "type": "prometheus",
            "uid": "prometheus"
          },
          "fieldConfig": {
            "defaults": {
              "color": {
                "mode": "palette-classic"
              },
              "custom": {
                "axisCenteredZero": false,
                "axisColorMode": "text",
                "axisLabel": "",
                "axisPlacement": "auto",
                "barAlignment": 0,
                "drawStyle": "line",
                "fillOpacity": 0,
                "gradientMode": "none",
                "hideFrom": {
                  "legend": false,
                  "tooltip": false,
                  "viz": false
                },
                "lineInterpolation": "linear",
                "lineWidth": 1,
                "pointSize": 5,
                "scaleDistribution": {
                  "type": "linear"
                },
                "showPoints": "auto",
                "spanNulls": false,
                "stacking": {
                  "group": "A",
                  "mode": "none"
                },
                "thresholdsStyle": {
                  "mode": "off"
                }
              },
              "mappings": [],
              "thresholds": {
                "mode": "absolute",
                "steps": [
                  {
                    "color": "green"
                  },
                  {
                    "color": "red",
                    "value": 80
                  }
                ]
              }
            },
            "overrides": [
              {
                "matcher": {
                  "id": "byName",
                  "options": "kube_pod_container_status_waiting{pod=~\"observability-tempo*\"} OR on() vector(0)\n"
                },
                "properties": [
                  {
                    "id": "displayName",
                    "value": "tempo"
                  }
                ]
              },
              {
                "__systemRef": "hideSeriesFrom",
                "matcher": {
                  "id": "byNames",
                  "options": {
                    "mode": "exclude",
                    "names": [
                      "kube_pod_container_status_waiting{container=\"tempo\", endpoint=\"http\", instance=\"10.8.116.79:8080\", job=\"kube-state-metrics\", namespace=\"observability\", pod=\"observability-tempo-0\", prometheus=\"observability/observability-prometheus\", service=\"observability-kube-state-metrics\", uid=\"df3ad332-4d4d-4ed6-a40a-860d7fae2fcf\"}"
                    ],
                    "prefix": "All except:",
                    "readOnly": true
                  }
                },
                "properties": [
                  {
                    "id": "custom.hideFrom",
                    "value": {
                      "legend": false,
                      "tooltip": false,
                      "viz": true
                    }
                  }
                ]
              }
            ]
          },
          "gridPos": {
            "h": 8,
            "w": 12,
            "x": 0,
            "y": 80
          },
          "id": 89,
          "options": {
            "legend": {
              "calcs": [],
              "displayMode": "list",
              "placement": "bottom",
              "showLegend": true
            },
            "tooltip": {
              "mode": "single",
              "sort": "none"
            }
          },
          "targets": [
            {
              "datasource": {
                "type": "prometheus",
                "uid": "prometheus"
              },
              "editorMode": "code",
              "expr": "kube_pod_container_status_waiting{pod=~\"observability-tempo.*\"} OR on() vector(0)\n",
              "instant": false,
              "range": true,
              "refId": "A"
            }
          ],
          "title": "Tempo Unavailable containers ",
          "type": "timeseries"
        },
        {
          "datasource": {
            "type": "prometheus",
            "uid": "prometheus"
          },
          "fieldConfig": {
            "defaults": {
              "color": {
                "mode": "palette-classic"
              },
              "custom": {
                "axisCenteredZero": false,
                "axisColorMode": "text",
                "axisLabel": "",
                "axisPlacement": "auto",
                "barAlignment": 0,
                "drawStyle": "line",
                "fillOpacity": 0,
                "gradientMode": "none",
                "hideFrom": {
                  "legend": false,
                  "tooltip": false,
                  "viz": false
                },
                "lineInterpolation": "linear",
                "lineWidth": 1,
                "pointSize": 5,
                "scaleDistribution": {
                  "type": "linear"
                },
                "showPoints": "auto",
                "spanNulls": false,
                "stacking": {
                  "group": "A",
                  "mode": "none"
                },
                "thresholdsStyle": {
                  "mode": "off"
                }
              },
              "mappings": [],
              "thresholds": {
                "mode": "absolute",
                "steps": [
                  {
                    "color": "green"
                  },
                  {
                    "color": "red",
                    "value": 80
                  }
                ]
              }
            },
            "overrides": [
              {
                "matcher": {
                  "id": "byName",
                  "options": "sum(count(kube_namespace_created{namespace!~\"kube-node-lease|kyverno|kube-system|kube-public|cert-manager|datalore|observability|flux-system|crossplane-system|metrics-server|ingress-nginx|crossplane-system|default|external-dns\"}) by (namespace))"
                },
                "properties": [
                  {
                    "id": "displayName",
                    "value": "Total"
                  }
                ]
              }
            ]
          },
          "gridPos": {
            "h": 8,
            "w": 12,
            "x": 12,
            "y": 80
          },
          "id": 104,
          "options": {
            "legend": {
              "calcs": [],
              "displayMode": "list",
              "placement": "bottom",
              "showLegend": true
            },
            "tooltip": {
              "mode": "single",
              "sort": "none"
            }
          },
          "pluginVersion": "10.0.3",
          "targets": [
            {
              "datasource": {
                "type": "prometheus",
                "uid": "prometheus"
              },
              "editorMode": "code",
              "expr": "(count(kube_pod_status_ready{namespace!~\"kube-node-lease|kyverno|kube-system|kube-public|cert-manager|datalore|observability|flux-system|crossplane-system|metrics-server|ingress-nginx|crossplane-system|default|external-dns\"}) by (namespace)) / 3",
              "hide": false,
              "instant": false,
              "range": true,
              "refId": "C"
            }
          ],
          "title": "Namespaces ",
          "type": "timeseries"
        }
      ],
      "title": "Tempo",
      "type": "row"
    },
    {
      "collapsed": true,
      "gridPos": {
        "h": 1,
        "w": 24,
        "x": 0,
        "y": 65
      },
      "id": 75,
      "panels": [
        {
          "datasource": {
            "type": "loki",
            "uid": "loki"
          },
          "gridPos": {
            "h": 6,
            "w": 24,
            "x": 0,
            "y": 58
          },
          "id": 98,
          "options": {
            "dedupStrategy": "none",
            "enableLogDetails": true,
            "prettifyLogMessage": false,
            "showCommonLabels": false,
            "showLabels": false,
            "showTime": true,
            "sortOrder": "Descending",
            "wrapLogMessage": true
          },
          "targets": [
            {
              "datasource": {
                "type": "loki",
                "uid": "loki"
              },
              "editorMode": "code",
              "expr": "{pod=~\"observability-loki.+\"} |= `error`",
              "maxLines": 50,
              "queryType": "range",
              "refId": "A"
            }
          ],
          "title": "Loki Error logs",
          "type": "logs"
        },
        {
          "datasource": {
            "type": "prometheus",
            "uid": "prometheus"
          },
          "fieldConfig": {
            "defaults": {
              "color": {
                "mode": "palette-classic"
              },
              "custom": {
                "axisCenteredZero": false,
                "axisColorMode": "text",
                "axisLabel": "",
                "axisPlacement": "auto",
                "barAlignment": 0,
                "drawStyle": "line",
                "fillOpacity": 0,
                "gradientMode": "none",
                "hideFrom": {
                  "legend": false,
                  "tooltip": false,
                  "viz": false
                },
                "lineInterpolation": "linear",
                "lineWidth": 1,
                "pointSize": 5,
                "scaleDistribution": {
                  "type": "linear"
                },
                "showPoints": "auto",
                "spanNulls": false,
                "stacking": {
                  "group": "A",
                  "mode": "none"
                },
                "thresholdsStyle": {
                  "mode": "off"
                }
              },
              "mappings": [],
              "thresholds": {
                "mode": "absolute",
                "steps": [
                  {
                    "color": "green"
                  },
                  {
                    "color": "red",
                    "value": 80
                  }
                ]
              },
              "unit": "s"
            },
            "overrides": []
          },
          "gridPos": {
            "h": 7,
            "w": 24,
            "x": 0,
            "y": 64
          },
          "id": 107,
          "options": {
            "legend": {
              "calcs": [],
              "displayMode": "list",
              "placement": "bottom",
              "showLegend": true
            },
            "tooltip": {
              "mode": "single",
              "sort": "none"
            }
          },
          "targets": [
            {
              "datasource": {
                "type": "prometheus",
                "uid": "prometheus"
              },
              "editorMode": "code",
              "expr": "sum by(pod, id) (rate(container_cpu_usage_seconds_total{namespace=~\"observability\", container=~\"loki\"}[$__rate_interval]))",
              "legendFormat": "__auto",
              "range": true,
              "refId": "A"
            }
          ],
          "title": "Loki Container CPU",
          "transformations": [],
          "type": "timeseries"
        },
        {
          "datasource": {
            "type": "prometheus",
            "uid": "prometheus"
          },
          "fieldConfig": {
            "defaults": {
              "color": {
                "mode": "palette-classic"
              },
              "custom": {
                "axisCenteredZero": false,
                "axisColorMode": "text",
                "axisLabel": "",
                "axisPlacement": "auto",
                "barAlignment": 0,
                "drawStyle": "line",
                "fillOpacity": 0,
                "gradientMode": "none",
                "hideFrom": {
                  "legend": false,
                  "tooltip": false,
                  "viz": false
                },
                "lineInterpolation": "linear",
                "lineWidth": 1,
                "pointSize": 5,
                "scaleDistribution": {
                  "type": "linear"
                },
                "showPoints": "auto",
                "spanNulls": false,
                "stacking": {
                  "group": "A",
                  "mode": "none"
                },
                "thresholdsStyle": {
                  "mode": "off"
                }
              },
              "mappings": [],
              "thresholds": {
                "mode": "absolute",
                "steps": [
                  {
                    "color": "green"
                  },
                  {
                    "color": "red",
                    "value": 80
                  }
                ]
              },
              "unit": "decbytes"
            },
            "overrides": []
          },
          "gridPos": {
            "h": 9,
            "w": 24,
            "x": 0,
            "y": 71
          },
          "id": 87,
          "options": {
            "legend": {
              "calcs": [],
              "displayMode": "list",
              "placement": "bottom",
              "showLegend": true
            },
            "tooltip": {
              "mode": "single",
              "sort": "none"
            }
          },
          "targets": [
            {
              "datasource": {
                "type": "prometheus",
                "uid": "prometheus"
              },
              "editorMode": "code",
              "expr": "sum by(pod, id) (container_memory_usage_bytes{namespace=\"observability\", container=~\"loki\"})",
              "legendFormat": "__auto",
              "range": true,
              "refId": "A"
            }
          ],
          "title": "Loki pods Memory",
          "type": "timeseries"
        },
        {
          "datasource": {
            "type": "prometheus",
            "uid": "prometheus"
          },
          "fieldConfig": {
            "defaults": {
              "color": {
                "mode": "palette-classic"
              },
              "custom": {
                "axisCenteredZero": false,
                "axisColorMode": "text",
                "axisLabel": "",
                "axisPlacement": "auto",
                "barAlignment": 0,
                "drawStyle": "line",
                "fillOpacity": 0,
                "gradientMode": "none",
                "hideFrom": {
                  "legend": false,
                  "tooltip": false,
                  "viz": false
                },
                "lineInterpolation": "linear",
                "lineWidth": 1,
                "pointSize": 5,
                "scaleDistribution": {
                  "type": "linear"
                },
                "showPoints": "auto",
                "spanNulls": false,
                "stacking": {
                  "group": "A",
                  "mode": "none"
                },
                "thresholdsStyle": {
                  "mode": "off"
                }
              },
              "mappings": [],
              "thresholds": {
                "mode": "absolute",
                "steps": [
                  {
                    "color": "green"
                  },
                  {
                    "color": "red",
                    "value": 80
                  }
                ]
              }
            },
            "overrides": [
              {
                "matcher": {
                  "id": "byName",
                  "options": "sum(kube_pod_container_status_waiting{pod=~\".*observability.*\"}) OR on() vector(0)\n"
                },
                "properties": [
                  {
                    "id": "displayName",
                    "value": "Observability"
                  }
                ]
              }
            ]
          },
          "gridPos": {
            "h": 8,
            "w": 12,
            "x": 0,
            "y": 80
          },
          "id": 92,
          "options": {
            "legend": {
              "calcs": [],
              "displayMode": "list",
              "placement": "bottom",
              "showLegend": true
            },
            "tooltip": {
              "mode": "single",
              "sort": "none"
            }
          },
          "targets": [
            {
              "datasource": {
                "type": "prometheus",
                "uid": "prometheus"
              },
              "editorMode": "code",
              "expr": "kube_pod_container_status_waiting{pod=~\"observability-loki.*\"} OR on() vector(0)\n",
              "instant": false,
              "range": true,
              "refId": "A"
            }
          ],
          "title": "Loki Unavailable containers",
          "type": "timeseries"
        },
        {
          "datasource": {
            "type": "prometheus",
            "uid": "prometheus"
          },
          "fieldConfig": {
            "defaults": {
              "color": {
                "mode": "palette-classic"
              },
              "custom": {
                "axisCenteredZero": false,
                "axisColorMode": "text",
                "axisLabel": "",
                "axisPlacement": "auto",
                "barAlignment": 0,
                "drawStyle": "line",
                "fillOpacity": 0,
                "gradientMode": "none",
                "hideFrom": {
                  "legend": false,
                  "tooltip": false,
                  "viz": false
                },
                "lineInterpolation": "linear",
                "lineWidth": 1,
                "pointSize": 5,
                "scaleDistribution": {
                  "type": "linear"
                },
                "showPoints": "auto",
                "spanNulls": false,
                "stacking": {
                  "group": "A",
                  "mode": "none"
                },
                "thresholdsStyle": {
                  "mode": "off"
                }
              },
              "mappings": [],
              "thresholds": {
                "mode": "absolute",
                "steps": [
                  {
                    "color": "green"
                  },
                  {
                    "color": "red",
                    "value": 80
                  }
                ]
              }
            },
            "overrides": [
              {
                "matcher": {
                  "id": "byName",
                  "options": "sum(count(kube_namespace_created{namespace!~\"kube-node-lease|kyverno|kube-system|kube-public|cert-manager|datalore|observability|flux-system|crossplane-system|metrics-server|ingress-nginx|crossplane-system|default|external-dns\"}) by (namespace))"
                },
                "properties": [
                  {
                    "id": "displayName",
                    "value": "Total"
                  }
                ]
              }
            ]
          },
          "gridPos": {
            "h": 8,
            "w": 12,
            "x": 12,
            "y": 80
          },
          "id": 106,
          "options": {
            "legend": {
              "calcs": [],
              "displayMode": "list",
              "placement": "bottom",
              "showLegend": true
            },
            "tooltip": {
              "mode": "single",
              "sort": "none"
            }
          },
          "pluginVersion": "10.0.3",
          "targets": [
            {
              "datasource": {
                "type": "prometheus",
                "uid": "prometheus"
              },
              "editorMode": "code",
              "expr": "(count(kube_pod_status_ready{namespace!~\"kube-node-lease|kyverno|kube-system|kube-public|cert-manager|datalore|observability|flux-system|crossplane-system|metrics-server|ingress-nginx|crossplane-system|default|external-dns\"}) by (namespace)) / 3",
              "hide": false,
              "instant": false,
              "range": true,
              "refId": "C"
            }
          ],
          "title": "Namespaces ",
          "type": "timeseries"
        }
      ],
      "title": "Loki",
      "type": "row"
    }
  ],
  "refresh": "",
  "schemaVersion": 38,
  "style": "dark",
  "tags": [],
  "templating": {
    "list": []
  },
  "time": {
    "from": "now-5m",
    "to": "now"
  },
  "timepicker": {},
  "timezone": "",
  "title": "Observability dashboard",
  "uid": "bd5b45e4-e767-4c98-8820-3436cfe047e21",
  "version": 1,
  "weekStart": ""
}
