{
  "annotations": {
    "list": [
      {
        "builtIn": 1,
        "datasource": {
          "type": "grafana",
          "uid": "-- Grafana --"
        },
        "enable": true,
        "hide": true,
        "iconColor": "rgba(0, 211, 255, 1)",
        "name": "Annotations & Alerts",
        "type": "dashboard"
      }
    ]
  },
  "description": "A dashboard used to observe the utilisation of each pod in your namespace and also give a recommendation of what to set for CPU and Memory Requests",
  "editable": true,
  "fiscalYearStartMonth": 0,
  "graphTooltip": 0,
  "id": 69,
  "links": [],
  "liveNow": false,
  "panels": [
    {
      "collapsed": false,
      "gridPos": {
        "h": 1,
        "w": 24,
        "x": 0,
        "y": 0
      },
      "id": 9,
      "panels": [],
      "title": "Instructions ",
      "type": "row"
    },
    {
      "datasource": {
        "type": "prometheus",
        "uid": "prometheus"
      },
      "gridPos": {
        "h": 18,
        "w": 24,
        "x": 0,
        "y": 1
      },
      "id": 8,
      "options": {
        "code": {
          "language": "plaintext",
          "showLineNumbers": false,
          "showMiniMap": false
        },
        "content": "# Pod Utilization Dashboard\n\nThis dashboard provides insights into individual metrics, assisting you in determining the optimal CPU and Memory allocations for your application.\n\n## 📋 Instructions\n1. Choose the namespace where your application is deployed from the `namespace` dropdown.\n2. if you click a headed of a row it will reorder the table in lowest to highest and vica versa.\n## 📊 Understanding the Data\nCPU and Memory have the same columns so using CPU as an example:\n- **Pod:** Represents all pods in the selected namespace during the selected period.\n- **Current CPU:** Displays the current CPU usage and is colour coded with the following:\n   - 100% and above 🔴 RED (bad)\n   - 75-100% 🟢 GREEN (good)\n   - 50-75% 🟠 ORANGE (warning)\n   - 0-50% 🔴 RED (bad)\n- **CPU Request** and **CPU Limits:** Panels show the requests and limits set for your pod.\n- **CPU Percentage:** Indicates the maxium percentage of CPU consumption during the selected time range compared to the set requests.\n- **Max CPU:** Represents the maximum CPU recorded during the selected time range.\n### Recommended Limits/Requests CPU \n* We recommend setting the requests at the 95th percentile of CPU usage. This ensures your requests can support the CPU usage 95% of the time. \n* CPU Limits can be left unset but in some scenarios e.g. performance testing it may make sense to provide limits.\n\n### Recommended Limits/Requests Memory \n* For memory, we recommend setting the request to the maximum value over time range set and adding a 15% buffer. For Java applications it may be necessary to modify the heap settings to use this memory.\n* For Java applications it is typically best to set the Limits and Requests to the same value.\n\n## ⚠️ WARNING\n- There is a slight latency between actual pod utilization due to Prometheus scraping every 30 seconds.\n- Deletion of your namespace will result in columns like Current CPU/Memory displaying no data, as they rely on current existence.\n- Refreshing the dashboard may cause dynamic changes in data, especially for metrics like CPU usage.\n- The unit of measure for CPU is Millicores and Memory GiB and MiB.\n- If you uninstall and then reinstall your deployment in the same namespace, panels may show more pods than currently exist due to historical data, depending on your selected time range.\n- If no data shows for the entire panel then its likely no pods have been deployed. \n",
        "mode": "markdown"
      },
      "pluginVersion": "10.0.3",
      "type": "text"
    },
    {
      "collapsed": false,
      "gridPos": {
        "h": 1,
        "w": 24,
        "x": 0,
        "y": 19
      },
      "id": 11,
      "panels": [],
      "title": "Memory Usage Per Pod",
      "type": "row"
    },
    {
      "datasource": {
        "type": "prometheus",
        "uid": "prometheus"
      },
      "fieldConfig": {
        "defaults": {
          "color": {
            "mode": "thresholds"
          },
          "custom": {
            "align": "right",
            "cellOptions": {
              "type": "auto"
            },
            "filterable": true,
            "inspect": false
          },
          "mappings": [],
          "noValue": "-",
          "thresholds": {
            "mode": "absolute",
            "steps": [
              {
                "color": "semi-dark-red",
                "value": null
              },
              {
                "color": "orange",
                "value": 50
              },
              {
                "color": "green",
                "value": 75
              },
              {
                "color": "semi-dark-red",
                "value": 100
              }
            ]
          }
        },
        "overrides": [
          {
            "matcher": {
              "id": "byName",
              "options": "Value #memory_requests"
            },
            "properties": [
              {
                "id": "unit",
                "value": "bytes"
              },
              {
                "id": "decimals",
                "value": 2
              },
              {
                "id": "displayName",
                "value": "Memory Requests"
              }
            ]
          },
          {
            "matcher": {
              "id": "byName",
              "options": "Value #memory_limits"
            },
            "properties": [
              {
                "id": "unit",
                "value": "bytes"
              },
              {
                "id": "decimals",
                "value": 2
              }
            ]
          },
          {
            "matcher": {
              "id": "byName",
              "options": "Value #Memory Used %"
            },
            "properties": [
              {
                "id": "unit",
                "value": "percent"
              },
              {
                "id": "decimals",
                "value": 1
              },
              {
                "id": "displayName",
                "value": "% Memory Used"
              },
              {
                "id": "color"
              },
              {
                "id": "custom.cellOptions",
                "value": {
                  "type": "color-background"
                }
              }
            ]
          },
          {
            "matcher": {
              "id": "byName",
              "options": "Pod"
            },
            "properties": [
              {
                "id": "custom.width",
                "value": 226
              },
              {
                "id": "custom.cellOptions",
                "value": {
                  "type": "color-text"
                }
              },
              {
                "id": "color",
                "value": {
                  "fixedColor": "light-green",
                  "mode": "fixed"
                }
              }
            ]
          },
          {
            "matcher": {
              "id": "byName",
              "options": "Memory Used"
            },
            "properties": [
              {
                "id": "custom.width",
                "value": 180
              },
              {
                "id": "color",
                "value": {
                  "mode": "thresholds"
                }
              },
              {
                "id": "unit",
                "value": "bytes"
              },
              {
                "id": "displayName",
                "value": "Current Memory"
              }
            ]
          },
          {
            "matcher": {
              "id": "byName",
              "options": "Value #Max Memory Used"
            },
            "properties": [
              {
                "id": "unit",
                "value": "bytes"
              },
              {
                "id": "displayName",
                "value": "Max Memory Used"
              }
            ]
          },
          {
            "matcher": {
              "id": "byName",
              "options": "Value #Recomended Request"
            },
            "properties": [
              {
                "id": "displayName",
                "value": "Recommended Memory Requests"
              },
              {
                "id": "unit",
                "value": "bytes"
              }
            ]
          },
          {
            "matcher": {
              "id": "byName",
              "options": "container"
            },
            "properties": [
              {
                "id": "custom.cellOptions",
                "value": {
                  "type": "color-text"
                }
              },
              {
                "id": "color",
                "value": {
                  "fixedColor": "light-green",
                  "mode": "fixed"
                }
              }
            ]
          }
        ]
      },
      "gridPos": {
        "h": 12,
        "w": 24,
        "x": 0,
        "y": 20
      },
      "id": 6,
      "links": [],
      "options": {
        "cellHeight": "md",
        "footer": {
          "countRows": false,
          "enablePagination": false,
          "fields": [
            "Value #memory_requests",
            "Value #Recomended Request",
            "Value #memory_limits",
            "Value #memory_used",
            "Value #Max Memory Used"
          ],
          "reducer": [
            "sum"
          ],
          "show": true
        },
        "showHeader": true,
        "sortBy": [
          {
            "desc": true,
            "displayName": "% Memory Used"
          }
        ]
      },
      "pluginVersion": "10.0.3",
      "targets": [
        {
          "datasource": {
            "type": "prometheus",
            "uid": "prometheus"
          },
          "editorMode": "code",
          "expr": "max_over_time(max by(pod,container) (kube_pod_container_resource_requests{resource=\"memory\", namespace=\"$namespace\"})[$__range:$__rate_interval])",
          "format": "table",
          "hide": false,
          "instant": true,
          "intervalFactor": 1,
          "refId": "memory_requests"
        },
        {
          "datasource": {
            "type": "prometheus",
            "uid": "prometheus"
          },
          "editorMode": "code",
          "expr": "max_over_time(max(kube_pod_container_resource_limits{resource=\"memory\", namespace=\"$namespace\"}) by (pod,container)[$__range:$__rate_interval])",
          "format": "table",
          "hide": false,
          "instant": true,
          "intervalFactor": 1,
          "refId": "memory_limits"
        },
        {
          "datasource": {
            "type": "prometheus",
            "uid": "prometheus"
          },
          "editorMode": "code",
          "expr": "max(container_memory_working_set_bytes{job=\"kubelet\", metrics_path=\"/metrics/cadvisor\", cluster=\"$cluster\", namespace=\"$namespace\",container!=\"\", image!=\"\"}) by (pod,container)",
          "format": "table",
          "hide": false,
          "instant": true,
          "intervalFactor": 1,
          "legendFormat": "",
          "refId": "memory_used"
        },
        {
          "datasource": {
            "type": "prometheus",
            "uid": "prometheus"
          },
          "editorMode": "code",
          "exemplar": false,
          "expr": "max_over_time(max(container_memory_working_set_bytes{job=\"kubelet\", metrics_path=\"/metrics/cadvisor\", cluster=\"$cluster\", namespace=\"$namespace\", container!=\"\", image!=\"\"}) by (pod,container)[$__range:$__rate_interval]) ",
          "format": "table",
          "hide": false,
          "instant": true,
          "legendFormat": "__auto",
          "range": false,
          "refId": "Max Memory Used"
        },
        {
          "datasource": {
            "type": "prometheus",
            "uid": "prometheus"
          },
          "editorMode": "code",
          "expr": "max_over_time(max(container_memory_working_set_bytes{job=\"kubelet\", metrics_path=\"/metrics/cadvisor\", cluster=\"$cluster\", namespace=\"$namespace\", container!=\"\", image!=\"\"}) by (pod,container)[$__range:$__rate_interval])  / max_over_time(max by(pod,container) (kube_pod_container_resource_requests{namespace=\"$namespace\"})[$__range:$__rate_interval]) * 100",
          "format": "table",
          "hide": false,
          "instant": true,
          "intervalFactor": 1,
          "legendFormat": "",
          "refId": "Memory Used %"
        },
        {
          "datasource": {
            "type": "prometheus",
            "uid": "prometheus"
          },
          "editorMode": "code",
          "exemplar": false,
          "expr": "max_over_time(max(container_memory_working_set_bytes{job=\"kubelet\", metrics_path=\"/metrics/cadvisor\", cluster=\"$cluster\", namespace=\"$namespace\", container!=\"\", image!=\"\"}) by (pod,container)[$__range:$__rate_interval]) * 1.15",
          "format": "table",
          "hide": false,
          "instant": true,
          "range": false,
          "refId": "Recomended Request"
        }
      ],
      "title": "Memory usage per Pod",
      "transformations": [
        {
          "id": "merge",
          "options": {
            "reducers": []
          }
        },
        {
          "id": "organize",
          "options": {
            "excludeByName": {
              "Time": true,
              "Value #A": true,
              "Value #pod_info": false,
              "container": false,
              "namespace": true,
              "node": true
            },
            "indexByName": {
              "Time": 4,
              "Value #memory_limits": 3,
              "Value #memory_requests": 2,
              "container": 1,
              "pod": 0
            },
            "renameByName": {
              "Time": "",
              "Value #PEAK RAM USED": "Max Memory Used (2days)",
              "Value #cpu_limits": "CPU Limits",
              "Value #cpu_requests": "CPU Requests",
              "Value #cpu_used": "Memory Used %",
              "Value #memory_limits": "Memory Limits ",
              "Value #memory_requests": "Memory Requested",
              "Value #memory_used": "Memory Used",
              "container": "Container",
              "namespace": "Namespace",
              "node": "Node",
              "pod": "Pod"
            }
          }
        }
      ],
      "type": "table"
    },
    {
      "collapsed": false,
      "gridPos": {
        "h": 1,
        "w": 24,
        "x": 0,
        "y": 32
      },
      "id": 10,
      "panels": [],
      "title": "CPU Usage Per Pod ",
      "type": "row"
    },
    {
      "datasource": {
        "type": "prometheus",
        "uid": "prometheus"
      },
      "fieldConfig": {
        "defaults": {
          "color": {
            "mode": "thresholds"
          },
          "custom": {
            "align": "right",
            "cellOptions": {
              "type": "auto"
            },
            "filterable": true,
            "inspect": false
          },
          "mappings": [],
          "noValue": "-",
          "thresholds": {
            "mode": "absolute",
            "steps": [
              {
                "color": "semi-dark-red",
                "value": null
              },
              {
                "color": "orange",
                "value": 50
              },
              {
                "color": "green",
                "value": 75
              },
              {
                "color": "semi-dark-red",
                "value": 100
              }
            ]
          }
        },
        "overrides": [
          {
            "matcher": {
              "id": "byName",
              "options": "Value #cpu_used"
            },
            "properties": [
              {
                "id": "decimals",
                "value": 0
              },
              {
                "id": "displayName",
                "value": "Current CPU (millicores)"
              },
              {
                "id": "color",
                "value": {
                  "mode": "thresholds"
                }
              }
            ]
          },
          {
            "matcher": {
              "id": "byName",
              "options": "Pod"
            },
            "properties": [
              {
                "id": "custom.width",
                "value": 226
              },
              {
                "id": "custom.cellOptions",
                "value": {
                  "type": "color-text"
                }
              },
              {
                "id": "color",
                "value": {
                  "fixedColor": "light-green",
                  "mode": "fixed"
                }
              }
            ]
          },
          {
            "matcher": {
              "id": "byName",
              "options": "Value #CPU used %"
            },
            "properties": [
              {
                "id": "unit",
                "value": "percent"
              },
              {
                "id": "displayName",
                "value": "% CPU Used"
              },
              {
                "id": "custom.cellOptions",
                "value": {
                  "type": "color-background"
                }
              },
              {
                "id": "color"
              },
              {
                "id": "decimals",
                "value": 1
              }
            ]
          },
          {
            "matcher": {
              "id": "byName",
              "options": "Value #Recommended CPU"
            },
            "properties": [
              {
                "id": "decimals",
                "value": 0
              },
              {
                "id": "displayName",
                "value": "Recommended CPU Requests (millicores)"
              }
            ]
          },
          {
            "matcher": {
              "id": "byName",
              "options": "Value #Max CPU"
            },
            "properties": [
              {
                "id": "displayName",
                "value": "Max CPU Used (millicores)"
              },
              {
                "id": "decimals",
                "value": 0
              }
            ]
          },
          {
            "matcher": {
              "id": "byName",
              "options": "CPU Requests"
            },
            "properties": [
              {
                "id": "displayName",
                "value": "CPU Requests (millicores)"
              }
            ]
          },
          {
            "matcher": {
              "id": "byName",
              "options": "CPU Limits"
            },
            "properties": [
              {
                "id": "displayName",
                "value": "CPU Limits (millicores)"
              }
            ]
          },
          {
            "matcher": {
              "id": "byName",
              "options": "Container"
            },
            "properties": [
              {
                "id": "custom.cellOptions",
                "value": {
                  "type": "color-text"
                }
              },
              {
                "id": "color",
                "value": {
                  "fixedColor": "light-green",
                  "mode": "fixed"
                }
              }
            ]
          }
        ]
      },
      "gridPos": {
        "h": 12,
        "w": 24,
        "x": 0,
        "y": 33
      },
      "id": 7,
      "links": [],
      "options": {
        "cellHeight": "sm",
        "footer": {
          "countRows": false,
          "fields": [
            "Value #cpu_used",
            "Value #cpu_requests",
            "Value #Max CPU",
            "Value #cpu_limits",
            "Value #Recommended CPU"
          ],
          "reducer": [
            "sum"
          ],
          "show": true
        },
        "showHeader": true,
        "sortBy": [
          {
            "desc": true,
            "displayName": "% CPU Used"
          }
        ]
      },
      "pluginVersion": "10.0.3",
      "targets": [
        {
          "datasource": {
            "type": "prometheus",
            "uid": "prometheus"
          },
          "editorMode": "code",
          "exemplar": false,
          "expr": "(max_over_time(max(irate(container_cpu_usage_seconds_total{container!~\"POD|\",namespace=\"$namespace\"}[$__rate_interval])) by (pod, container)[$__range:$__rate_interval])) / (max_over_time(max by (pod, container) (kube_pod_container_resource_requests{namespace=\"$namespace\",resource=\"cpu\",container!~\"POD|\"})[$__range:$__rate_interval])) * 100\n\n",
          "format": "table",
          "hide": false,
          "instant": true,
          "intervalFactor": 1,
          "range": false,
          "refId": "CPU used %"
        },
        {
          "datasource": {
            "type": "prometheus",
            "uid": "prometheus"
          },
          "editorMode": "code",
          "exemplar": false,
          "expr": "max_over_time(max by (pod, container) (kube_pod_container_resource_requests{namespace=\"$namespace\",resource=\"cpu\",container!~\"POD|\"})[$__range:$__rate_interval]) * 1000\n\n\n\n\n\n\n",
          "format": "table",
          "hide": false,
          "instant": true,
          "intervalFactor": 1,
          "range": false,
          "refId": "cpu_requests"
        },
        {
          "datasource": {
            "type": "prometheus",
            "uid": "prometheus"
          },
          "editorMode": "code",
          "exemplar": false,
          "expr": "max_over_time(max(kube_pod_container_resource_limits{resource=\"cpu\", namespace=\"$namespace\"}) by (pod, container) [$__range:$__rate_interval]) * 1000",
          "format": "table",
          "hide": false,
          "instant": true,
          "intervalFactor": 1,
          "range": false,
          "refId": "cpu_limits"
        },
        {
          "datasource": {
            "type": "prometheus",
            "uid": "prometheus"
          },
          "editorMode": "code",
          "exemplar": false,
          "expr": "sum by(pod, container) (irate(container_cpu_usage_seconds_total{namespace=\"$namespace\", container!~\"POD|\"}[$__rate_interval])) * 1000",
          "format": "table",
          "hide": false,
          "instant": true,
          "intervalFactor": 1,
          "legendFormat": "",
          "range": false,
          "refId": "cpu_used"
        },
        {
          "datasource": {
            "type": "prometheus",
            "uid": "prometheus"
          },
          "editorMode": "code",
          "exemplar": false,
          "expr": "max_over_time(sum(irate(container_cpu_usage_seconds_total{container!~\"POD|\",namespace=\"$namespace\"}[$__rate_interval])) by (pod, container)[$__range:$__rate_interval]) * 1000\n\n\n\n\n\n\n",
          "format": "table",
          "hide": false,
          "instant": true,
          "intervalFactor": 1,
          "legendFormat": "__auto",
          "range": false,
          "refId": "Max CPU"
        },
        {
          "datasource": {
            "type": "prometheus",
            "uid": "prometheus"
          },
          "editorMode": "code",
          "exemplar": false,
          "expr": "quantile_over_time(0.95, max(irate(container_cpu_usage_seconds_total{container!~\"POD|\",namespace=\"$namespace\"}[$__rate_interval])) by (pod, container)[$__range:$__rate_interval]) * 1000",
          "format": "table",
          "hide": false,
          "instant": true,
          "range": false,
          "refId": "Recommended CPU"
        }
      ],
      "title": "CPU usage per Pod",
      "transformations": [
        {
          "id": "merge",
          "options": {
            "reducers": []
          }
        },
        {
          "id": "organize",
          "options": {
            "excludeByName": {
              "Time": true,
              "Value #A": false,
              "Value #pod_info": true
            },
            "indexByName": {
              "Time": 8,
              "Value #CPU used %": 6,
              "Value #Max CPU": 5,
              "Value #Recommended CPU": 7,
              "Value #cpu_limits": 3,
              "Value #cpu_requests": 2,
              "Value #cpu_used": 4,
              "container": 1,
              "pod": 0
            },
            "renameByName": {
              "Value #A": "Max CPU",
              "Value #cpu_limits": "CPU Limits",
              "Value #cpu_requests": "CPU Requests",
              "Value #cpu_used": "CPU Used",
              "Value #memory_limits": "RAM Limits ",
              "Value #memory_requests": "RAM Requests",
              "Value #memory_used": "RAM Used",
              "container": "Container",
              "namespace": "Namespace",
              "node": "Node",
              "pod": "Pod"
            }
          }
        }
      ],
      "type": "table"
    }
  ],
  "refresh": "",
  "schemaVersion": 38,
  "style": "dark",
  "tags": [],
  "templating": {
    "list": [
      {
        "current": {
          "selected": false,
          "text": "Prometheus",
          "value": "Prometheus"
        },
        "hide": 2,
        "includeAll": false,
        "label": "Data Source",
        "multi": false,
        "name": "datasource",
        "options": [],
        "query": "prometheus",
        "queryValue": "",
        "refresh": 1,
        "regex": "",
        "skipUrlSync": false,
        "type": "datasource"
      },
      {
        "current": {
          "isNone": true,
          "selected": false,
          "text": "None",
          "value": ""
        },
        "datasource": {
          "type": "prometheus",
          "uid": "${datasource}"
        },
        "definition": "label_values(up{job=\"kube-state-metrics\"},cluster)",
        "hide": 2,
        "includeAll": false,
        "multi": false,
        "name": "cluster",
        "options": [],
        "query": {
          "query": "label_values(up{job=\"kube-state-metrics\"},cluster)",
          "refId": "PrometheusVariableQueryEditor-VariableQuery"
        },
        "refresh": 2,
        "regex": "",
        "skipUrlSync": false,
        "sort": 1,
        "type": "query"
      },
      {
        "current": {
          "selected": false,
          "text": "observability",
          "value": "observability"
        },
        "datasource": {
          "type": "prometheus",
          "uid": "${datasource}"
        },
        "definition": "label_values(kube_namespace_status_phase{job=\"kube-state-metrics\", cluster=\"$cluster\"},namespace)",
        "hide": 0,
        "includeAll": false,
        "label": "",
        "multi": false,
        "name": "namespace",
        "options": [],
        "query": {
          "query": "label_values(kube_namespace_status_phase{job=\"kube-state-metrics\", cluster=\"$cluster\"},namespace)",
          "refId": "PrometheusVariableQueryEditor-VariableQuery"
        },
        "refresh": 2,
        "regex": "",
        "skipUrlSync": false,
        "sort": 0,
        "type": "query"
      }
    ]
  },
  "time": {
    "from": "now-1h",
    "to": "now"
  },
  "timepicker": {},
  "timezone": "",
  "title": "Pod Utilization",
  "uid": "eafa34b8-e0db-4d78-822f-b63e5a16a027",
  "version": 2,
  "weekStart": ""
}
